--INSERT INTO Planes VALUES ('Boeing 737', 40);
--INSERT INTO Planes VALUES ('Airbus A320', 32);
--INSERT INTO Planes VALUES ('Starship SN8', 16);

--INSERT INTO Destinations VALUES ('Gothenburg', 'GBG');
--INSERT INTO Destinations VALUES ('London', 'LDN');
--INSERT INTO Destinations VALUES ('Stockholm', 'STH');
--INSERT INTO Destinations VALUES ('Berlin', 'BER');
--INSERT INTO Destinations VALUES ('Copenhagen', 'CPH');
--INSERT INTO Destinations VALUES ('Johannesburg', 'JNB');
--INSERT INTO Destinations VALUES ('Los Angeles', 'LAX');
--INSERT INTO Destinations VALUES ('New York City', 'NYC');
--INSERT INTO Destinations VALUES ('Buenos Aires', 'BAI');
--INSERT INTO Destinations VALUES ('Tokyo', 'TOK');
--INSERT INTO Destinations VALUES ('Shanghai', 'SHA');
--INSERT INTO Destinations VALUES ('Seoul', 'SEO');
--INSERT INTO Destinations VALUES ('Singapore', 'SIN');
--INSERT INTO Destinations VALUES ('Phuket', 'PHU');
--INSERT INTO Destinations VALUES ('Abu Dhabi', 'ADH');
--INSERT INTO Destinations VALUES ('Brussels', 'BRU');
--INSERT INTO Destinations VALUES ('Paris', 'PAR');
--INSERT INTO Destinations VALUES ('Ibiza', 'IBZ');
--INSERT INTO Destinations VALUES ('Athens', 'ATH');
--INSERT INTO Destinations VALUES ('Rome', 'ROM');
--INSERT INTO Destinations VALUES ('Moscow', 'MOS');
--INSERT INTO Destinations VALUES ('Helsinki', 'HEL');
--INSERT INTO Destinations VALUES ('Mars', 'MRS');
--INSERT INTO Destinations VALUES ('SpaceX Launch Site', 'SPX');

INSERT INTO Flights VALUES (DEFAULT, 'SpaceX Launch Site', 'Mars', '2026-07-16', '14:32', 'Starship SN8');

INSERT INTO Flights VALUES (DEFAULT, 'Gothenburg', 'London', '2021-04-19', '14:00', 'Boeing 737');
INSERT INTO Flights VALUES (DEFAULT, 'Gothenburg', 'Stockholm', '2021-04-19', '14:00', 'Boeing 737');
INSERT INTO Flights VALUES (DEFAULT, 'Gothenburg', 'Berlin', '2021-04-19', '14:00', 'Boeing 737');
INSERT INTO Flights VALUES (DEFAULT, 'Gothenburg', 'Copenhagen', '2021-04-19', '14:00', 'Boeing 737');
INSERT INTO Flights VALUES (DEFAULT, 'Gothenburg', 'Johannesburg', '2021-04-19', '14:00', 'Boeing 737');
INSERT INTO Flights VALUES (DEFAULT, 'Gothenburg', 'Los Angeles', '2021-04-19', '14:00', 'Boeing 737');
INSERT INTO Flights VALUES (DEFAULT, 'Gothenburg', 'New York City', '2021-04-19', '14:00', 'Boeing 737');
INSERT INTO Flights VALUES (DEFAULT, 'Gothenburg', 'Buenos Aires', '2021-04-19', '14:00', 'Boeing 737');
INSERT INTO Flights VALUES (DEFAULT, 'Gothenburg', 'Tokyo', '2021-04-19', '14:00', 'Boeing 737');
INSERT INTO Flights VALUES (DEFAULT, 'Gothenburg', 'Shanghai', '2021-04-19', '14:00', 'Boeing 737');
INSERT INTO Flights VALUES (DEFAULT, 'Gothenburg', 'Seoul', '2021-04-19', '17:30', 'Airbus A320');
INSERT INTO Flights VALUES (DEFAULT, 'Gothenburg', 'Singapore', '2021-04-19', '17:30', 'Airbus A320');
INSERT INTO Flights VALUES (DEFAULT, 'Gothenburg', 'Phuket', '2021-04-19', '17:30', 'Airbus A320');
INSERT INTO Flights VALUES (DEFAULT, 'Gothenburg', 'Abu Dhabi', '2021-04-19', '17:30', 'Airbus A320');
INSERT INTO Flights VALUES (DEFAULT, 'Gothenburg', 'Brussels', '2021-04-19', '17:30', 'Airbus A320');
INSERT INTO Flights VALUES (DEFAULT, 'Gothenburg', 'Paris', '2021-04-19', '17:30', 'Airbus A320');
INSERT INTO Flights VALUES (DEFAULT, 'Gothenburg', 'Ibiza', '2021-04-19', '17:30', 'Airbus A320');
INSERT INTO Flights VALUES (DEFAULT, 'Gothenburg', 'Athens', '2021-04-19', '17:30', 'Airbus A320');
INSERT INTO Flights VALUES (DEFAULT, 'Gothenburg', 'Rome', '2021-04-19', '17:30', 'Airbus A320');
INSERT INTO Flights VALUES (DEFAULT, 'Gothenburg', 'Moscow', '2021-04-19', '17:30', 'Airbus A320');
INSERT INTO Flights VALUES (DEFAULT, 'Gothenburg', 'Helsinki', '2021-04-19', '17:30', 'Airbus A320');
INSERT INTO Flights VALUES (DEFAULT, 'Gothenburg', 'London', '2021-06-15', '08:00', 'Boeing 737');
INSERT INTO Flights VALUES (DEFAULT, 'Gothenburg', 'Stockholm', '2021-06-15', '08:00', 'Boeing 737');
INSERT INTO Flights VALUES (DEFAULT, 'Gothenburg', 'Berlin', '2021-06-15', '08:00', 'Boeing 737');
INSERT INTO Flights VALUES (DEFAULT, 'Gothenburg', 'Copenhagen', '2021-06-15', '08:00', 'Boeing 737');
INSERT INTO Flights VALUES (DEFAULT, 'Gothenburg', 'Johannesburg', '2021-06-15', '08:00', 'Boeing 737');
INSERT INTO Flights VALUES (DEFAULT, 'Gothenburg', 'Los Angeles', '2021-06-15', '08:00', 'Boeing 737');
INSERT INTO Flights VALUES (DEFAULT, 'Gothenburg', 'New York City', '2021-06-15', '08:00', 'Boeing 737');
INSERT INTO Flights VALUES (DEFAULT, 'Gothenburg', 'Buenos Aires', '2021-06-15', '08:00', 'Boeing 737');
INSERT INTO Flights VALUES (DEFAULT, 'Gothenburg', 'Tokyo', '2021-06-15', '08:00', 'Boeing 737');
INSERT INTO Flights VALUES (DEFAULT, 'Gothenburg', 'Shanghai', '2021-06-15', '08:00', 'Boeing 737');
INSERT INTO Flights VALUES (DEFAULT, 'Gothenburg', 'Seoul', '2021-06-15', '13:00', 'Airbus A320');
INSERT INTO Flights VALUES (DEFAULT, 'Gothenburg', 'Singapore', '2021-06-15', '13:00', 'Airbus A320');
INSERT INTO Flights VALUES (DEFAULT, 'Gothenburg', 'Phuket', '2021-06-15', '13:00', 'Airbus A320');
INSERT INTO Flights VALUES (DEFAULT, 'Gothenburg', 'Abu Dhabi', '2021-06-15', '13:00', 'Airbus A320');
INSERT INTO Flights VALUES (DEFAULT, 'Gothenburg', 'Brussels', '2021-06-15', '13:00', 'Airbus A320');
INSERT INTO Flights VALUES (DEFAULT, 'Gothenburg', 'Paris', '2021-06-15', '13:00', 'Airbus A320');
INSERT INTO Flights VALUES (DEFAULT, 'Gothenburg', 'Ibiza', '2021-06-15', '13:00', 'Airbus A320');
INSERT INTO Flights VALUES (DEFAULT, 'Gothenburg', 'Athens', '2021-06-15', '13:00', 'Airbus A320');
INSERT INTO Flights VALUES (DEFAULT, 'Gothenburg', 'Rome', '2021-06-15', '13:00', 'Airbus A320');
INSERT INTO Flights VALUES (DEFAULT, 'Gothenburg', 'Moscow', '2021-06-15', '13:00', 'Airbus A320');
INSERT INTO Flights VALUES (DEFAULT, 'Gothenburg', 'Helsinki', '2021-06-15', '13:00', 'Airbus A320');
INSERT INTO Flights VALUES (DEFAULT, 'Gothenburg', 'London', '2021-09-09', '20:45', 'Boeing 737');
INSERT INTO Flights VALUES (DEFAULT, 'Gothenburg', 'Stockholm', '2021-09-09', '20:45', 'Boeing 737');
INSERT INTO Flights VALUES (DEFAULT, 'Gothenburg', 'Berlin', '2021-09-09', '20:45', 'Boeing 737');
INSERT INTO Flights VALUES (DEFAULT, 'Gothenburg', 'Copenhagen', '2021-09-09', '20:45', 'Boeing 737');
INSERT INTO Flights VALUES (DEFAULT, 'Gothenburg', 'Johannesburg', '2021-09-09', '20:45', 'Boeing 737');
INSERT INTO Flights VALUES (DEFAULT, 'Gothenburg', 'Los Angeles', '2021-09-09', '20:45', 'Boeing 737');
INSERT INTO Flights VALUES (DEFAULT, 'Gothenburg', 'New York City', '2021-09-09', '20:45', 'Boeing 737');
INSERT INTO Flights VALUES (DEFAULT, 'Gothenburg', 'Buenos Aires', '2021-09-09', '20:45', 'Boeing 737');
INSERT INTO Flights VALUES (DEFAULT, 'Gothenburg', 'Tokyo', '2021-09-09', '20:45', 'Boeing 737');
INSERT INTO Flights VALUES (DEFAULT, 'Gothenburg', 'Shanghai', '2021-09-09', '20:45', 'Boeing 737');
INSERT INTO Flights VALUES (DEFAULT, 'Gothenburg', 'Seoul', '2021-09-09', '13:37', 'Airbus A320');
INSERT INTO Flights VALUES (DEFAULT, 'Gothenburg', 'Singapore', '2021-09-09', '13:37', 'Airbus A320');
INSERT INTO Flights VALUES (DEFAULT, 'Gothenburg', 'Phuket', '2021-09-09', '13:37', 'Airbus A320');
INSERT INTO Flights VALUES (DEFAULT, 'Gothenburg', 'Abu Dhabi', '2021-09-09', '13:37', 'Airbus A320');
INSERT INTO Flights VALUES (DEFAULT, 'Gothenburg', 'Brussels', '2021-09-09', '13:37', 'Airbus A320');
INSERT INTO Flights VALUES (DEFAULT, 'Gothenburg', 'Paris', '2021-09-09', '13:37', 'Airbus A320');
INSERT INTO Flights VALUES (DEFAULT, 'Gothenburg', 'Ibiza', '2021-09-09', '13:37', 'Airbus A320');
INSERT INTO Flights VALUES (DEFAULT, 'Gothenburg', 'Athens', '2021-09-09', '13:37', 'Airbus A320');
INSERT INTO Flights VALUES (DEFAULT, 'Gothenburg', 'Rome', '2021-09-09', '13:37', 'Airbus A320');
INSERT INTO Flights VALUES (DEFAULT, 'Gothenburg', 'Moscow', '2021-09-09', '13:37', 'Airbus A320');
INSERT INTO Flights VALUES (DEFAULT, 'Gothenburg', 'Helsinki', '2021-09-09', '13:37', 'Airbus A320');

INSERT INTO Flights VALUES (DEFAULT, 'London', 'Gothenburg', '2021-04-19', '14:00', 'Boeing 737');
INSERT INTO Flights VALUES (DEFAULT, 'London', 'Stockholm', '2021-04-19', '14:00', 'Boeing 737');
INSERT INTO Flights VALUES (DEFAULT, 'London', 'Berlin', '2021-04-19', '14:00', 'Boeing 737');
INSERT INTO Flights VALUES (DEFAULT, 'London', 'Copenhagen', '2021-04-19', '14:00', 'Boeing 737');
INSERT INTO Flights VALUES (DEFAULT, 'London', 'Johannesburg', '2021-04-19', '14:00', 'Boeing 737');
INSERT INTO Flights VALUES (DEFAULT, 'London', 'Los Angeles', '2021-04-19', '14:00', 'Boeing 737');
INSERT INTO Flights VALUES (DEFAULT, 'London', 'New York City', '2021-04-19', '14:00', 'Boeing 737');
INSERT INTO Flights VALUES (DEFAULT, 'London', 'Buenos Aires', '2021-04-19', '14:00', 'Boeing 737');
INSERT INTO Flights VALUES (DEFAULT, 'London', 'Tokyo', '2021-04-19', '14:00', 'Boeing 737');
INSERT INTO Flights VALUES (DEFAULT, 'London', 'Shanghai', '2021-04-19', '14:00', 'Boeing 737');
INSERT INTO Flights VALUES (DEFAULT, 'London', 'Seoul', '2021-04-19', '17:30', 'Airbus A320');
INSERT INTO Flights VALUES (DEFAULT, 'London', 'Singapore', '2021-04-19', '17:30', 'Airbus A320');
INSERT INTO Flights VALUES (DEFAULT, 'London', 'Phuket', '2021-04-19', '17:30', 'Airbus A320');
INSERT INTO Flights VALUES (DEFAULT, 'London', 'Abu Dhabi', '2021-04-19', '17:30', 'Airbus A320');
INSERT INTO Flights VALUES (DEFAULT, 'London', 'Brussels', '2021-04-19', '17:30', 'Airbus A320');
INSERT INTO Flights VALUES (DEFAULT, 'London', 'Paris', '2021-04-19', '17:30', 'Airbus A320');
INSERT INTO Flights VALUES (DEFAULT, 'London', 'Ibiza', '2021-04-19', '17:30', 'Airbus A320');
INSERT INTO Flights VALUES (DEFAULT, 'London', 'Athens', '2021-04-19', '17:30', 'Airbus A320');
INSERT INTO Flights VALUES (DEFAULT, 'London', 'Rome', '2021-04-19', '17:30', 'Airbus A320');
INSERT INTO Flights VALUES (DEFAULT, 'London', 'Moscow', '2021-04-19', '17:30', 'Airbus A320');
INSERT INTO Flights VALUES (DEFAULT, 'London', 'Helsinki', '2021-04-19', '17:30', 'Airbus A320');
INSERT INTO Flights VALUES (DEFAULT, 'London', 'Gothenburg', '2021-06-15', '08:00', 'Boeing 737');
INSERT INTO Flights VALUES (DEFAULT, 'London', 'Stockholm', '2021-06-15', '08:00', 'Boeing 737');
INSERT INTO Flights VALUES (DEFAULT, 'London', 'Berlin', '2021-06-15', '08:00', 'Boeing 737');
INSERT INTO Flights VALUES (DEFAULT, 'London', 'Copenhagen', '2021-06-15', '08:00', 'Boeing 737');
INSERT INTO Flights VALUES (DEFAULT, 'London', 'Johannesburg', '2021-06-15', '08:00', 'Boeing 737');
INSERT INTO Flights VALUES (DEFAULT, 'London', 'Los Angeles', '2021-06-15', '08:00', 'Boeing 737');
INSERT INTO Flights VALUES (DEFAULT, 'London', 'New York City', '2021-06-15', '08:00', 'Boeing 737');
INSERT INTO Flights VALUES (DEFAULT, 'London', 'Buenos Aires', '2021-06-15', '08:00', 'Boeing 737');
INSERT INTO Flights VALUES (DEFAULT, 'London', 'Tokyo', '2021-06-15', '08:00', 'Boeing 737');
INSERT INTO Flights VALUES (DEFAULT, 'London', 'Shanghai', '2021-06-15', '08:00', 'Boeing 737');
INSERT INTO Flights VALUES (DEFAULT, 'London', 'Seoul', '2021-06-15', '13:00', 'Airbus A320');
INSERT INTO Flights VALUES (DEFAULT, 'London', 'Singapore', '2021-06-15', '13:00', 'Airbus A320');
INSERT INTO Flights VALUES (DEFAULT, 'London', 'Phuket', '2021-06-15', '13:00', 'Airbus A320');
INSERT INTO Flights VALUES (DEFAULT, 'London', 'Abu Dhabi', '2021-06-15', '13:00', 'Airbus A320');
INSERT INTO Flights VALUES (DEFAULT, 'London', 'Brussels', '2021-06-15', '13:00', 'Airbus A320');
INSERT INTO Flights VALUES (DEFAULT, 'London', 'Paris', '2021-06-15', '13:00', 'Airbus A320');
INSERT INTO Flights VALUES (DEFAULT, 'London', 'Ibiza', '2021-06-15', '13:00', 'Airbus A320');
INSERT INTO Flights VALUES (DEFAULT, 'London', 'Athens', '2021-06-15', '13:00', 'Airbus A320');
INSERT INTO Flights VALUES (DEFAULT, 'London', 'Rome', '2021-06-15', '13:00', 'Airbus A320');
INSERT INTO Flights VALUES (DEFAULT, 'London', 'Moscow', '2021-06-15', '13:00', 'Airbus A320');
INSERT INTO Flights VALUES (DEFAULT, 'London', 'Helsinki', '2021-06-15', '13:00', 'Airbus A320');
INSERT INTO Flights VALUES (DEFAULT, 'London', 'Gothenburg', '2021-09-09', '20:45', 'Boeing 737');
INSERT INTO Flights VALUES (DEFAULT, 'London', 'Stockholm', '2021-09-09', '20:45', 'Boeing 737');
INSERT INTO Flights VALUES (DEFAULT, 'London', 'Berlin', '2021-09-09', '20:45', 'Boeing 737');
INSERT INTO Flights VALUES (DEFAULT, 'London', 'Copenhagen', '2021-09-09', '20:45', 'Boeing 737');
INSERT INTO Flights VALUES (DEFAULT, 'London', 'Johannesburg', '2021-09-09', '20:45', 'Boeing 737');
INSERT INTO Flights VALUES (DEFAULT, 'London', 'Los Angeles', '2021-09-09', '20:45', 'Boeing 737');
INSERT INTO Flights VALUES (DEFAULT, 'London', 'New York City', '2021-09-09', '20:45', 'Boeing 737');
INSERT INTO Flights VALUES (DEFAULT, 'London', 'Buenos Aires', '2021-09-09', '20:45', 'Boeing 737');
INSERT INTO Flights VALUES (DEFAULT, 'London', 'Tokyo', '2021-09-09', '20:45', 'Boeing 737');
INSERT INTO Flights VALUES (DEFAULT, 'London', 'Shanghai', '2021-09-09', '20:45', 'Boeing 737');
INSERT INTO Flights VALUES (DEFAULT, 'London', 'Seoul', '2021-09-09', '13:37', 'Airbus A320');
INSERT INTO Flights VALUES (DEFAULT, 'London', 'Singapore', '2021-09-09', '13:37', 'Airbus A320');
INSERT INTO Flights VALUES (DEFAULT, 'London', 'Phuket', '2021-09-09', '13:37', 'Airbus A320');
INSERT INTO Flights VALUES (DEFAULT, 'London', 'Abu Dhabi', '2021-09-09', '13:37', 'Airbus A320');
INSERT INTO Flights VALUES (DEFAULT, 'London', 'Brussels', '2021-09-09', '13:37', 'Airbus A320');
INSERT INTO Flights VALUES (DEFAULT, 'London', 'Paris', '2021-09-09', '13:37', 'Airbus A320');
INSERT INTO Flights VALUES (DEFAULT, 'London', 'Ibiza', '2021-09-09', '13:37', 'Airbus A320');
INSERT INTO Flights VALUES (DEFAULT, 'London', 'Athens', '2021-09-09', '13:37', 'Airbus A320');
INSERT INTO Flights VALUES (DEFAULT, 'London', 'Rome', '2021-09-09', '13:37', 'Airbus A320');
INSERT INTO Flights VALUES (DEFAULT, 'London', 'Moscow', '2021-09-09', '13:37', 'Airbus A320');
INSERT INTO Flights VALUES (DEFAULT, 'London', 'Helsinki', '2021-09-09', '13:37', 'Airbus A320');

INSERT INTO Flights VALUES (DEFAULT, 'Stockholm', 'Gothenburg', '2021-04-19', '14:00', 'Boeing 737');
INSERT INTO Flights VALUES (DEFAULT, 'Stockholm', 'London', '2021-04-19', '14:00', 'Boeing 737');
INSERT INTO Flights VALUES (DEFAULT, 'Stockholm', 'Berlin', '2021-04-19', '14:00', 'Boeing 737');
INSERT INTO Flights VALUES (DEFAULT, 'Stockholm', 'Copenhagen', '2021-04-19', '14:00', 'Boeing 737');
INSERT INTO Flights VALUES (DEFAULT, 'Stockholm', 'Johannesburg', '2021-04-19', '14:00', 'Boeing 737');
INSERT INTO Flights VALUES (DEFAULT, 'Stockholm', 'Los Angeles', '2021-04-19', '14:00', 'Boeing 737');
INSERT INTO Flights VALUES (DEFAULT, 'Stockholm', 'New York City', '2021-04-19', '14:00', 'Boeing 737');
INSERT INTO Flights VALUES (DEFAULT, 'Stockholm', 'Buenos Aires', '2021-04-19', '14:00', 'Boeing 737');
INSERT INTO Flights VALUES (DEFAULT, 'Stockholm', 'Tokyo', '2021-04-19', '14:00', 'Boeing 737');
INSERT INTO Flights VALUES (DEFAULT, 'Stockholm', 'Shanghai', '2021-04-19', '14:00', 'Boeing 737');
INSERT INTO Flights VALUES (DEFAULT, 'Stockholm', 'Seoul', '2021-04-19', '17:30', 'Airbus A320');
INSERT INTO Flights VALUES (DEFAULT, 'Stockholm', 'Singapore', '2021-04-19', '17:30', 'Airbus A320');
INSERT INTO Flights VALUES (DEFAULT, 'Stockholm', 'Phuket', '2021-04-19', '17:30', 'Airbus A320');
INSERT INTO Flights VALUES (DEFAULT, 'Stockholm', 'Abu Dhabi', '2021-04-19', '17:30', 'Airbus A320');
INSERT INTO Flights VALUES (DEFAULT, 'Stockholm', 'Brussels', '2021-04-19', '17:30', 'Airbus A320');
INSERT INTO Flights VALUES (DEFAULT, 'Stockholm', 'Paris', '2021-04-19', '17:30', 'Airbus A320');
INSERT INTO Flights VALUES (DEFAULT, 'Stockholm', 'Ibiza', '2021-04-19', '17:30', 'Airbus A320');
INSERT INTO Flights VALUES (DEFAULT, 'Stockholm', 'Athens', '2021-04-19', '17:30', 'Airbus A320');
INSERT INTO Flights VALUES (DEFAULT, 'Stockholm', 'Rome', '2021-04-19', '17:30', 'Airbus A320');
INSERT INTO Flights VALUES (DEFAULT, 'Stockholm', 'Moscow', '2021-04-19', '17:30', 'Airbus A320');
INSERT INTO Flights VALUES (DEFAULT, 'Stockholm', 'Helsinki', '2021-04-19', '17:30', 'Airbus A320');
INSERT INTO Flights VALUES (DEFAULT, 'Stockholm', 'Gothenburg', '2021-06-15', '08:00', 'Boeing 737');
INSERT INTO Flights VALUES (DEFAULT, 'Stockholm', 'London', '2021-06-15', '08:00', 'Boeing 737');
INSERT INTO Flights VALUES (DEFAULT, 'Stockholm', 'Berlin', '2021-06-15', '08:00', 'Boeing 737');
INSERT INTO Flights VALUES (DEFAULT, 'Stockholm', 'Copenhagen', '2021-06-15', '08:00', 'Boeing 737');
INSERT INTO Flights VALUES (DEFAULT, 'Stockholm', 'Johannesburg', '2021-06-15', '08:00', 'Boeing 737');
INSERT INTO Flights VALUES (DEFAULT, 'Stockholm', 'Los Angeles', '2021-06-15', '08:00', 'Boeing 737');
INSERT INTO Flights VALUES (DEFAULT, 'Stockholm', 'New York City', '2021-06-15', '08:00', 'Boeing 737');
INSERT INTO Flights VALUES (DEFAULT, 'Stockholm', 'Buenos Aires', '2021-06-15', '08:00', 'Boeing 737');
INSERT INTO Flights VALUES (DEFAULT, 'Stockholm', 'Tokyo', '2021-06-15', '08:00', 'Boeing 737');
INSERT INTO Flights VALUES (DEFAULT, 'Stockholm', 'Shanghai', '2021-06-15', '08:00', 'Boeing 737');
INSERT INTO Flights VALUES (DEFAULT, 'Stockholm', 'Seoul', '2021-06-15', '13:00', 'Airbus A320');
INSERT INTO Flights VALUES (DEFAULT, 'Stockholm', 'Singapore', '2021-06-15', '13:00', 'Airbus A320');
INSERT INTO Flights VALUES (DEFAULT, 'Stockholm', 'Phuket', '2021-06-15', '13:00', 'Airbus A320');
INSERT INTO Flights VALUES (DEFAULT, 'Stockholm', 'Abu Dhabi', '2021-06-15', '13:00', 'Airbus A320');
INSERT INTO Flights VALUES (DEFAULT, 'Stockholm', 'Brussels', '2021-06-15', '13:00', 'Airbus A320');
INSERT INTO Flights VALUES (DEFAULT, 'Stockholm', 'Paris', '2021-06-15', '13:00', 'Airbus A320');
INSERT INTO Flights VALUES (DEFAULT, 'Stockholm', 'Ibiza', '2021-06-15', '13:00', 'Airbus A320');
INSERT INTO Flights VALUES (DEFAULT, 'Stockholm', 'Athens', '2021-06-15', '13:00', 'Airbus A320');
INSERT INTO Flights VALUES (DEFAULT, 'Stockholm', 'Rome', '2021-06-15', '13:00', 'Airbus A320');
INSERT INTO Flights VALUES (DEFAULT, 'Stockholm', 'Moscow', '2021-06-15', '13:00', 'Airbus A320');
INSERT INTO Flights VALUES (DEFAULT, 'Stockholm', 'Helsinki', '2021-06-15', '13:00', 'Airbus A320');
INSERT INTO Flights VALUES (DEFAULT, 'Stockholm', 'Gothenburg', '2021-09-09', '20:45', 'Boeing 737');
INSERT INTO Flights VALUES (DEFAULT, 'Stockholm', 'London', '2021-09-09', '20:45', 'Boeing 737');
INSERT INTO Flights VALUES (DEFAULT, 'Stockholm', 'Berlin', '2021-09-09', '20:45', 'Boeing 737');
INSERT INTO Flights VALUES (DEFAULT, 'Stockholm', 'Copenhagen', '2021-09-09', '20:45', 'Boeing 737');
INSERT INTO Flights VALUES (DEFAULT, 'Stockholm', 'Johannesburg', '2021-09-09', '20:45', 'Boeing 737');
INSERT INTO Flights VALUES (DEFAULT, 'Stockholm', 'Los Angeles', '2021-09-09', '20:45', 'Boeing 737');
INSERT INTO Flights VALUES (DEFAULT, 'Stockholm', 'New York City', '2021-09-09', '20:45', 'Boeing 737');
INSERT INTO Flights VALUES (DEFAULT, 'Stockholm', 'Buenos Aires', '2021-09-09', '20:45', 'Boeing 737');
INSERT INTO Flights VALUES (DEFAULT, 'Stockholm', 'Tokyo', '2021-09-09', '20:45', 'Boeing 737');
INSERT INTO Flights VALUES (DEFAULT, 'Stockholm', 'Shanghai', '2021-09-09', '20:45', 'Boeing 737');
INSERT INTO Flights VALUES (DEFAULT, 'Stockholm', 'Seoul', '2021-09-09', '13:37', 'Airbus A320');
INSERT INTO Flights VALUES (DEFAULT, 'Stockholm', 'Singapore', '2021-09-09', '13:37', 'Airbus A320');
INSERT INTO Flights VALUES (DEFAULT, 'Stockholm', 'Phuket', '2021-09-09', '13:37', 'Airbus A320');
INSERT INTO Flights VALUES (DEFAULT, 'Stockholm', 'Abu Dhabi', '2021-09-09', '13:37', 'Airbus A320');
INSERT INTO Flights VALUES (DEFAULT, 'Stockholm', 'Brussels', '2021-09-09', '13:37', 'Airbus A320');
INSERT INTO Flights VALUES (DEFAULT, 'Stockholm', 'Paris', '2021-09-09', '13:37', 'Airbus A320');
INSERT INTO Flights VALUES (DEFAULT, 'Stockholm', 'Ibiza', '2021-09-09', '13:37', 'Airbus A320');
INSERT INTO Flights VALUES (DEFAULT, 'Stockholm', 'Athens', '2021-09-09', '13:37', 'Airbus A320');
INSERT INTO Flights VALUES (DEFAULT, 'Stockholm', 'Rome', '2021-09-09', '13:37', 'Airbus A320');
INSERT INTO Flights VALUES (DEFAULT, 'Stockholm', 'Moscow', '2021-09-09', '13:37', 'Airbus A320');
INSERT INTO Flights VALUES (DEFAULT, 'Stockholm', 'Helsinki', '2021-09-09', '13:37', 'Airbus A320');

INSERT INTO Flights VALUES (DEFAULT, 'Berlin', 'Gothenburg', '2021-04-19', '14:00', 'Boeing 737');
INSERT INTO Flights VALUES (DEFAULT, 'Berlin', 'London', '2021-04-19', '14:00', 'Boeing 737');
INSERT INTO Flights VALUES (DEFAULT, 'Berlin', 'Stockholm', '2021-04-19', '14:00', 'Boeing 737');
INSERT INTO Flights VALUES (DEFAULT, 'Berlin', 'Copenhagen', '2021-04-19', '14:00', 'Boeing 737');
INSERT INTO Flights VALUES (DEFAULT, 'Berlin', 'Johannesburg', '2021-04-19', '14:00', 'Boeing 737');
INSERT INTO Flights VALUES (DEFAULT, 'Berlin', 'Los Angeles', '2021-04-19', '14:00', 'Boeing 737');
INSERT INTO Flights VALUES (DEFAULT, 'Berlin', 'New York City', '2021-04-19', '14:00', 'Boeing 737');
INSERT INTO Flights VALUES (DEFAULT, 'Berlin', 'Buenos Aires', '2021-04-19', '14:00', 'Boeing 737');
INSERT INTO Flights VALUES (DEFAULT, 'Berlin', 'Tokyo', '2021-04-19', '14:00', 'Boeing 737');
INSERT INTO Flights VALUES (DEFAULT, 'Berlin', 'Shanghai', '2021-04-19', '14:00', 'Boeing 737');
INSERT INTO Flights VALUES (DEFAULT, 'Berlin', 'Seoul', '2021-04-19', '17:30', 'Airbus A320');
INSERT INTO Flights VALUES (DEFAULT, 'Berlin', 'Singapore', '2021-04-19', '17:30', 'Airbus A320');
INSERT INTO Flights VALUES (DEFAULT, 'Berlin', 'Phuket', '2021-04-19', '17:30', 'Airbus A320');
INSERT INTO Flights VALUES (DEFAULT, 'Berlin', 'Abu Dhabi', '2021-04-19', '17:30', 'Airbus A320');
INSERT INTO Flights VALUES (DEFAULT, 'Berlin', 'Brussels', '2021-04-19', '17:30', 'Airbus A320');
INSERT INTO Flights VALUES (DEFAULT, 'Berlin', 'Paris', '2021-04-19', '17:30', 'Airbus A320');
INSERT INTO Flights VALUES (DEFAULT, 'Berlin', 'Ibiza', '2021-04-19', '17:30', 'Airbus A320');
INSERT INTO Flights VALUES (DEFAULT, 'Berlin', 'Athens', '2021-04-19', '17:30', 'Airbus A320');
INSERT INTO Flights VALUES (DEFAULT, 'Berlin', 'Rome', '2021-04-19', '17:30', 'Airbus A320');
INSERT INTO Flights VALUES (DEFAULT, 'Berlin', 'Moscow', '2021-04-19', '17:30', 'Airbus A320');
INSERT INTO Flights VALUES (DEFAULT, 'Berlin', 'Helsinki', '2021-04-19', '17:30', 'Airbus A320');
INSERT INTO Flights VALUES (DEFAULT, 'Berlin', 'Gothenburg', '2021-06-15', '08:00', 'Boeing 737');
INSERT INTO Flights VALUES (DEFAULT, 'Berlin', 'London', '2021-06-15', '08:00', 'Boeing 737');
INSERT INTO Flights VALUES (DEFAULT, 'Berlin', 'Stockholm', '2021-06-15', '08:00', 'Boeing 737');
INSERT INTO Flights VALUES (DEFAULT, 'Berlin', 'Copenhagen', '2021-06-15', '08:00', 'Boeing 737');
INSERT INTO Flights VALUES (DEFAULT, 'Berlin', 'Johannesburg', '2021-06-15', '08:00', 'Boeing 737');
INSERT INTO Flights VALUES (DEFAULT, 'Berlin', 'Los Angeles', '2021-06-15', '08:00', 'Boeing 737');
INSERT INTO Flights VALUES (DEFAULT, 'Berlin', 'New York City', '2021-06-15', '08:00', 'Boeing 737');
INSERT INTO Flights VALUES (DEFAULT, 'Berlin', 'Buenos Aires', '2021-06-15', '08:00', 'Boeing 737');
INSERT INTO Flights VALUES (DEFAULT, 'Berlin', 'Tokyo', '2021-06-15', '08:00', 'Boeing 737');
INSERT INTO Flights VALUES (DEFAULT, 'Berlin', 'Shanghai', '2021-06-15', '08:00', 'Boeing 737');
INSERT INTO Flights VALUES (DEFAULT, 'Berlin', 'Seoul', '2021-06-15', '13:00', 'Airbus A320');
INSERT INTO Flights VALUES (DEFAULT, 'Berlin', 'Singapore', '2021-06-15', '13:00', 'Airbus A320');
INSERT INTO Flights VALUES (DEFAULT, 'Berlin', 'Phuket', '2021-06-15', '13:00', 'Airbus A320');
INSERT INTO Flights VALUES (DEFAULT, 'Berlin', 'Abu Dhabi', '2021-06-15', '13:00', 'Airbus A320');
INSERT INTO Flights VALUES (DEFAULT, 'Berlin', 'Brussels', '2021-06-15', '13:00', 'Airbus A320');
INSERT INTO Flights VALUES (DEFAULT, 'Berlin', 'Paris', '2021-06-15', '13:00', 'Airbus A320');
INSERT INTO Flights VALUES (DEFAULT, 'Berlin', 'Ibiza', '2021-06-15', '13:00', 'Airbus A320');
INSERT INTO Flights VALUES (DEFAULT, 'Berlin', 'Athens', '2021-06-15', '13:00', 'Airbus A320');
INSERT INTO Flights VALUES (DEFAULT, 'Berlin', 'Rome', '2021-06-15', '13:00', 'Airbus A320');
INSERT INTO Flights VALUES (DEFAULT, 'Berlin', 'Moscow', '2021-06-15', '13:00', 'Airbus A320');
INSERT INTO Flights VALUES (DEFAULT, 'Berlin', 'Helsinki', '2021-06-15', '13:00', 'Airbus A320');
INSERT INTO Flights VALUES (DEFAULT, 'Berlin', 'Gothenburg', '2021-09-09', '20:45', 'Boeing 737');
INSERT INTO Flights VALUES (DEFAULT, 'Berlin', 'London', '2021-09-09', '20:45', 'Boeing 737');
INSERT INTO Flights VALUES (DEFAULT, 'Berlin', 'Stockholm', '2021-09-09', '20:45', 'Boeing 737');
INSERT INTO Flights VALUES (DEFAULT, 'Berlin', 'Copenhagen', '2021-09-09', '20:45', 'Boeing 737');
INSERT INTO Flights VALUES (DEFAULT, 'Berlin', 'Johannesburg', '2021-09-09', '20:45', 'Boeing 737');
INSERT INTO Flights VALUES (DEFAULT, 'Berlin', 'Los Angeles', '2021-09-09', '20:45', 'Boeing 737');
INSERT INTO Flights VALUES (DEFAULT, 'Berlin', 'New York City', '2021-09-09', '20:45', 'Boeing 737');
INSERT INTO Flights VALUES (DEFAULT, 'Berlin', 'Buenos Aires', '2021-09-09', '20:45', 'Boeing 737');
INSERT INTO Flights VALUES (DEFAULT, 'Berlin', 'Tokyo', '2021-09-09', '20:45', 'Boeing 737');
INSERT INTO Flights VALUES (DEFAULT, 'Berlin', 'Shanghai', '2021-09-09', '20:45', 'Boeing 737');
INSERT INTO Flights VALUES (DEFAULT, 'Berlin', 'Seoul', '2021-09-09', '13:37', 'Airbus A320');
INSERT INTO Flights VALUES (DEFAULT, 'Berlin', 'Singapore', '2021-09-09', '13:37', 'Airbus A320');
INSERT INTO Flights VALUES (DEFAULT, 'Berlin', 'Phuket', '2021-09-09', '13:37', 'Airbus A320');
INSERT INTO Flights VALUES (DEFAULT, 'Berlin', 'Abu Dhabi', '2021-09-09', '13:37', 'Airbus A320');
INSERT INTO Flights VALUES (DEFAULT, 'Berlin', 'Brussels', '2021-09-09', '13:37', 'Airbus A320');
INSERT INTO Flights VALUES (DEFAULT, 'Berlin', 'Paris', '2021-09-09', '13:37', 'Airbus A320');
INSERT INTO Flights VALUES (DEFAULT, 'Berlin', 'Ibiza', '2021-09-09', '13:37', 'Airbus A320');
INSERT INTO Flights VALUES (DEFAULT, 'Berlin', 'Athens', '2021-09-09', '13:37', 'Airbus A320');
INSERT INTO Flights VALUES (DEFAULT, 'Berlin', 'Rome', '2021-09-09', '13:37', 'Airbus A320');
INSERT INTO Flights VALUES (DEFAULT, 'Berlin', 'Moscow', '2021-09-09', '13:37', 'Airbus A320');
INSERT INTO Flights VALUES (DEFAULT, 'Berlin', 'Helsinki', '2021-09-09', '13:37', 'Airbus A320');

INSERT INTO Flights VALUES (DEFAULT, 'Copenhagen', 'Gothenburg', '2021-04-19', '14:00', 'Boeing 737');
INSERT INTO Flights VALUES (DEFAULT, 'Copenhagen', 'London', '2021-04-19', '14:00', 'Boeing 737');
INSERT INTO Flights VALUES (DEFAULT, 'Copenhagen', 'Stockholm', '2021-04-19', '14:00', 'Boeing 737');
INSERT INTO Flights VALUES (DEFAULT, 'Copenhagen', 'Berlin', '2021-04-19', '14:00', 'Boeing 737');
INSERT INTO Flights VALUES (DEFAULT, 'Copenhagen', 'Johannesburg', '2021-04-19', '14:00', 'Boeing 737');
INSERT INTO Flights VALUES (DEFAULT, 'Copenhagen', 'Los Angeles', '2021-04-19', '14:00', 'Boeing 737');
INSERT INTO Flights VALUES (DEFAULT, 'Copenhagen', 'New York City', '2021-04-19', '14:00', 'Boeing 737');
INSERT INTO Flights VALUES (DEFAULT, 'Copenhagen', 'Buenos Aires', '2021-04-19', '14:00', 'Boeing 737');
INSERT INTO Flights VALUES (DEFAULT, 'Copenhagen', 'Tokyo', '2021-04-19', '14:00', 'Boeing 737');
INSERT INTO Flights VALUES (DEFAULT, 'Copenhagen', 'Shanghai', '2021-04-19', '14:00', 'Boeing 737');
INSERT INTO Flights VALUES (DEFAULT, 'Copenhagen', 'Seoul', '2021-04-19', '17:30', 'Airbus A320');
INSERT INTO Flights VALUES (DEFAULT, 'Copenhagen', 'Singapore', '2021-04-19', '17:30', 'Airbus A320');
INSERT INTO Flights VALUES (DEFAULT, 'Copenhagen', 'Phuket', '2021-04-19', '17:30', 'Airbus A320');
INSERT INTO Flights VALUES (DEFAULT, 'Copenhagen', 'Abu Dhabi', '2021-04-19', '17:30', 'Airbus A320');
INSERT INTO Flights VALUES (DEFAULT, 'Copenhagen', 'Brussels', '2021-04-19', '17:30', 'Airbus A320');
INSERT INTO Flights VALUES (DEFAULT, 'Copenhagen', 'Paris', '2021-04-19', '17:30', 'Airbus A320');
INSERT INTO Flights VALUES (DEFAULT, 'Copenhagen', 'Ibiza', '2021-04-19', '17:30', 'Airbus A320');
INSERT INTO Flights VALUES (DEFAULT, 'Copenhagen', 'Athens', '2021-04-19', '17:30', 'Airbus A320');
INSERT INTO Flights VALUES (DEFAULT, 'Copenhagen', 'Rome', '2021-04-19', '17:30', 'Airbus A320');
INSERT INTO Flights VALUES (DEFAULT, 'Copenhagen', 'Moscow', '2021-04-19', '17:30', 'Airbus A320');
INSERT INTO Flights VALUES (DEFAULT, 'Copenhagen', 'Helsinki', '2021-04-19', '17:30', 'Airbus A320');
INSERT INTO Flights VALUES (DEFAULT, 'Copenhagen', 'Gothenburg', '2021-06-15', '08:00', 'Boeing 737');
INSERT INTO Flights VALUES (DEFAULT, 'Copenhagen', 'London', '2021-06-15', '08:00', 'Boeing 737');
INSERT INTO Flights VALUES (DEFAULT, 'Copenhagen', 'Stockholm', '2021-06-15', '08:00', 'Boeing 737');
INSERT INTO Flights VALUES (DEFAULT, 'Copenhagen', 'Berlin', '2021-06-15', '08:00', 'Boeing 737');
INSERT INTO Flights VALUES (DEFAULT, 'Copenhagen', 'Johannesburg', '2021-06-15', '08:00', 'Boeing 737');
INSERT INTO Flights VALUES (DEFAULT, 'Copenhagen', 'Los Angeles', '2021-06-15', '08:00', 'Boeing 737');
INSERT INTO Flights VALUES (DEFAULT, 'Copenhagen', 'New York City', '2021-06-15', '08:00', 'Boeing 737');
INSERT INTO Flights VALUES (DEFAULT, 'Copenhagen', 'Buenos Aires', '2021-06-15', '08:00', 'Boeing 737');
INSERT INTO Flights VALUES (DEFAULT, 'Copenhagen', 'Tokyo', '2021-06-15', '08:00', 'Boeing 737');
INSERT INTO Flights VALUES (DEFAULT, 'Copenhagen', 'Shanghai', '2021-06-15', '08:00', 'Boeing 737');
INSERT INTO Flights VALUES (DEFAULT, 'Copenhagen', 'Seoul', '2021-06-15', '13:00', 'Airbus A320');
INSERT INTO Flights VALUES (DEFAULT, 'Copenhagen', 'Singapore', '2021-06-15', '13:00', 'Airbus A320');
INSERT INTO Flights VALUES (DEFAULT, 'Copenhagen', 'Phuket', '2021-06-15', '13:00', 'Airbus A320');
INSERT INTO Flights VALUES (DEFAULT, 'Copenhagen', 'Abu Dhabi', '2021-06-15', '13:00', 'Airbus A320');
INSERT INTO Flights VALUES (DEFAULT, 'Copenhagen', 'Brussels', '2021-06-15', '13:00', 'Airbus A320');
INSERT INTO Flights VALUES (DEFAULT, 'Copenhagen', 'Paris', '2021-06-15', '13:00', 'Airbus A320');
INSERT INTO Flights VALUES (DEFAULT, 'Copenhagen', 'Ibiza', '2021-06-15', '13:00', 'Airbus A320');
INSERT INTO Flights VALUES (DEFAULT, 'Copenhagen', 'Athens', '2021-06-15', '13:00', 'Airbus A320');
INSERT INTO Flights VALUES (DEFAULT, 'Copenhagen', 'Rome', '2021-06-15', '13:00', 'Airbus A320');
INSERT INTO Flights VALUES (DEFAULT, 'Copenhagen', 'Moscow', '2021-06-15', '13:00', 'Airbus A320');
INSERT INTO Flights VALUES (DEFAULT, 'Copenhagen', 'Helsinki', '2021-06-15', '13:00', 'Airbus A320');
INSERT INTO Flights VALUES (DEFAULT, 'Copenhagen', 'Gothenburg', '2021-09-09', '20:45', 'Boeing 737');
INSERT INTO Flights VALUES (DEFAULT, 'Copenhagen', 'London', '2021-09-09', '20:45', 'Boeing 737');
INSERT INTO Flights VALUES (DEFAULT, 'Copenhagen', 'Stockholm', '2021-09-09', '20:45', 'Boeing 737');
INSERT INTO Flights VALUES (DEFAULT, 'Copenhagen', 'Berlin', '2021-09-09', '20:45', 'Boeing 737');
INSERT INTO Flights VALUES (DEFAULT, 'Copenhagen', 'Johannesburg', '2021-09-09', '20:45', 'Boeing 737');
INSERT INTO Flights VALUES (DEFAULT, 'Copenhagen', 'Los Angeles', '2021-09-09', '20:45', 'Boeing 737');
INSERT INTO Flights VALUES (DEFAULT, 'Copenhagen', 'New York City', '2021-09-09', '20:45', 'Boeing 737');
INSERT INTO Flights VALUES (DEFAULT, 'Copenhagen', 'Buenos Aires', '2021-09-09', '20:45', 'Boeing 737');
INSERT INTO Flights VALUES (DEFAULT, 'Copenhagen', 'Tokyo', '2021-09-09', '20:45', 'Boeing 737');
INSERT INTO Flights VALUES (DEFAULT, 'Copenhagen', 'Shanghai', '2021-09-09', '20:45', 'Boeing 737');
INSERT INTO Flights VALUES (DEFAULT, 'Copenhagen', 'Seoul', '2021-09-09', '13:37', 'Airbus A320');
INSERT INTO Flights VALUES (DEFAULT, 'Copenhagen', 'Singapore', '2021-09-09', '13:37', 'Airbus A320');
INSERT INTO Flights VALUES (DEFAULT, 'Copenhagen', 'Phuket', '2021-09-09', '13:37', 'Airbus A320');
INSERT INTO Flights VALUES (DEFAULT, 'Copenhagen', 'Abu Dhabi', '2021-09-09', '13:37', 'Airbus A320');
INSERT INTO Flights VALUES (DEFAULT, 'Copenhagen', 'Brussels', '2021-09-09', '13:37', 'Airbus A320');
INSERT INTO Flights VALUES (DEFAULT, 'Copenhagen', 'Paris', '2021-09-09', '13:37', 'Airbus A320');
INSERT INTO Flights VALUES (DEFAULT, 'Copenhagen', 'Ibiza', '2021-09-09', '13:37', 'Airbus A320');
INSERT INTO Flights VALUES (DEFAULT, 'Copenhagen', 'Athens', '2021-09-09', '13:37', 'Airbus A320');
INSERT INTO Flights VALUES (DEFAULT, 'Copenhagen', 'Rome', '2021-09-09', '13:37', 'Airbus A320');
INSERT INTO Flights VALUES (DEFAULT, 'Copenhagen', 'Moscow', '2021-09-09', '13:37', 'Airbus A320');
INSERT INTO Flights VALUES (DEFAULT, 'Copenhagen', 'Helsinki', '2021-09-09', '13:37', 'Airbus A320');

INSERT INTO Flights VALUES (DEFAULT, 'Johannesburg', 'Gothenburg', '2021-04-19', '14:00', 'Boeing 737');
INSERT INTO Flights VALUES (DEFAULT, 'Johannesburg', 'London', '2021-04-19', '14:00', 'Boeing 737');
INSERT INTO Flights VALUES (DEFAULT, 'Johannesburg', 'Stockholm', '2021-04-19', '14:00', 'Boeing 737');
INSERT INTO Flights VALUES (DEFAULT, 'Johannesburg', 'Berlin', '2021-04-19', '14:00', 'Boeing 737');
INSERT INTO Flights VALUES (DEFAULT, 'Johannesburg', 'Copenhagen', '2021-04-19', '14:00', 'Boeing 737');
INSERT INTO Flights VALUES (DEFAULT, 'Johannesburg', 'Los Angeles', '2021-04-19', '14:00', 'Boeing 737');
INSERT INTO Flights VALUES (DEFAULT, 'Johannesburg', 'New York City', '2021-04-19', '14:00', 'Boeing 737');
INSERT INTO Flights VALUES (DEFAULT, 'Johannesburg', 'Buenos Aires', '2021-04-19', '14:00', 'Boeing 737');
INSERT INTO Flights VALUES (DEFAULT, 'Johannesburg', 'Tokyo', '2021-04-19', '14:00', 'Boeing 737');
INSERT INTO Flights VALUES (DEFAULT, 'Johannesburg', 'Shanghai', '2021-04-19', '14:00', 'Boeing 737');
INSERT INTO Flights VALUES (DEFAULT, 'Johannesburg', 'Seoul', '2021-04-19', '17:30', 'Airbus A320');
INSERT INTO Flights VALUES (DEFAULT, 'Johannesburg', 'Singapore', '2021-04-19', '17:30', 'Airbus A320');
INSERT INTO Flights VALUES (DEFAULT, 'Johannesburg', 'Phuket', '2021-04-19', '17:30', 'Airbus A320');
INSERT INTO Flights VALUES (DEFAULT, 'Johannesburg', 'Abu Dhabi', '2021-04-19', '17:30', 'Airbus A320');
INSERT INTO Flights VALUES (DEFAULT, 'Johannesburg', 'Brussels', '2021-04-19', '17:30', 'Airbus A320');
INSERT INTO Flights VALUES (DEFAULT, 'Johannesburg', 'Paris', '2021-04-19', '17:30', 'Airbus A320');
INSERT INTO Flights VALUES (DEFAULT, 'Johannesburg', 'Ibiza', '2021-04-19', '17:30', 'Airbus A320');
INSERT INTO Flights VALUES (DEFAULT, 'Johannesburg', 'Athens', '2021-04-19', '17:30', 'Airbus A320');
INSERT INTO Flights VALUES (DEFAULT, 'Johannesburg', 'Rome', '2021-04-19', '17:30', 'Airbus A320');
INSERT INTO Flights VALUES (DEFAULT, 'Johannesburg', 'Moscow', '2021-04-19', '17:30', 'Airbus A320');
INSERT INTO Flights VALUES (DEFAULT, 'Johannesburg', 'Helsinki', '2021-04-19', '17:30', 'Airbus A320');
INSERT INTO Flights VALUES (DEFAULT, 'Johannesburg', 'Gothenburg', '2021-06-15', '08:00', 'Boeing 737');
INSERT INTO Flights VALUES (DEFAULT, 'Johannesburg', 'London', '2021-06-15', '08:00', 'Boeing 737');
INSERT INTO Flights VALUES (DEFAULT, 'Johannesburg', 'Stockholm', '2021-06-15', '08:00', 'Boeing 737');
INSERT INTO Flights VALUES (DEFAULT, 'Johannesburg', 'Berlin', '2021-06-15', '08:00', 'Boeing 737');
INSERT INTO Flights VALUES (DEFAULT, 'Johannesburg', 'Copenhagen', '2021-06-15', '08:00', 'Boeing 737');
INSERT INTO Flights VALUES (DEFAULT, 'Johannesburg', 'Los Angeles', '2021-06-15', '08:00', 'Boeing 737');
INSERT INTO Flights VALUES (DEFAULT, 'Johannesburg', 'New York City', '2021-06-15', '08:00', 'Boeing 737');
INSERT INTO Flights VALUES (DEFAULT, 'Johannesburg', 'Buenos Aires', '2021-06-15', '08:00', 'Boeing 737');
INSERT INTO Flights VALUES (DEFAULT, 'Johannesburg', 'Tokyo', '2021-06-15', '08:00', 'Boeing 737');
INSERT INTO Flights VALUES (DEFAULT, 'Johannesburg', 'Shanghai', '2021-06-15', '08:00', 'Boeing 737');
INSERT INTO Flights VALUES (DEFAULT, 'Johannesburg', 'Seoul', '2021-06-15', '13:00', 'Airbus A320');
INSERT INTO Flights VALUES (DEFAULT, 'Johannesburg', 'Singapore', '2021-06-15', '13:00', 'Airbus A320');
INSERT INTO Flights VALUES (DEFAULT, 'Johannesburg', 'Phuket', '2021-06-15', '13:00', 'Airbus A320');
INSERT INTO Flights VALUES (DEFAULT, 'Johannesburg', 'Abu Dhabi', '2021-06-15', '13:00', 'Airbus A320');
INSERT INTO Flights VALUES (DEFAULT, 'Johannesburg', 'Brussels', '2021-06-15', '13:00', 'Airbus A320');
INSERT INTO Flights VALUES (DEFAULT, 'Johannesburg', 'Paris', '2021-06-15', '13:00', 'Airbus A320');
INSERT INTO Flights VALUES (DEFAULT, 'Johannesburg', 'Ibiza', '2021-06-15', '13:00', 'Airbus A320');
INSERT INTO Flights VALUES (DEFAULT, 'Johannesburg', 'Athens', '2021-06-15', '13:00', 'Airbus A320');
INSERT INTO Flights VALUES (DEFAULT, 'Johannesburg', 'Rome', '2021-06-15', '13:00', 'Airbus A320');
INSERT INTO Flights VALUES (DEFAULT, 'Johannesburg', 'Moscow', '2021-06-15', '13:00', 'Airbus A320');
INSERT INTO Flights VALUES (DEFAULT, 'Johannesburg', 'Helsinki', '2021-06-15', '13:00', 'Airbus A320');
INSERT INTO Flights VALUES (DEFAULT, 'Johannesburg', 'Gothenburg', '2021-09-09', '20:45', 'Boeing 737');
INSERT INTO Flights VALUES (DEFAULT, 'Johannesburg', 'London', '2021-09-09', '20:45', 'Boeing 737');
INSERT INTO Flights VALUES (DEFAULT, 'Johannesburg', 'Stockholm', '2021-09-09', '20:45', 'Boeing 737');
INSERT INTO Flights VALUES (DEFAULT, 'Johannesburg', 'Berlin', '2021-09-09', '20:45', 'Boeing 737');
INSERT INTO Flights VALUES (DEFAULT, 'Johannesburg', 'Copenhagen', '2021-09-09', '20:45', 'Boeing 737');
INSERT INTO Flights VALUES (DEFAULT, 'Johannesburg', 'Los Angeles', '2021-09-09', '20:45', 'Boeing 737');
INSERT INTO Flights VALUES (DEFAULT, 'Johannesburg', 'New York City', '2021-09-09', '20:45', 'Boeing 737');
INSERT INTO Flights VALUES (DEFAULT, 'Johannesburg', 'Buenos Aires', '2021-09-09', '20:45', 'Boeing 737');
INSERT INTO Flights VALUES (DEFAULT, 'Johannesburg', 'Tokyo', '2021-09-09', '20:45', 'Boeing 737');
INSERT INTO Flights VALUES (DEFAULT, 'Johannesburg', 'Shanghai', '2021-09-09', '20:45', 'Boeing 737');
INSERT INTO Flights VALUES (DEFAULT, 'Johannesburg', 'Seoul', '2021-09-09', '13:37', 'Airbus A320');
INSERT INTO Flights VALUES (DEFAULT, 'Johannesburg', 'Singapore', '2021-09-09', '13:37', 'Airbus A320');
INSERT INTO Flights VALUES (DEFAULT, 'Johannesburg', 'Phuket', '2021-09-09', '13:37', 'Airbus A320');
INSERT INTO Flights VALUES (DEFAULT, 'Johannesburg', 'Abu Dhabi', '2021-09-09', '13:37', 'Airbus A320');
INSERT INTO Flights VALUES (DEFAULT, 'Johannesburg', 'Brussels', '2021-09-09', '13:37', 'Airbus A320');
INSERT INTO Flights VALUES (DEFAULT, 'Johannesburg', 'Paris', '2021-09-09', '13:37', 'Airbus A320');
INSERT INTO Flights VALUES (DEFAULT, 'Johannesburg', 'Ibiza', '2021-09-09', '13:37', 'Airbus A320');
INSERT INTO Flights VALUES (DEFAULT, 'Johannesburg', 'Athens', '2021-09-09', '13:37', 'Airbus A320');
INSERT INTO Flights VALUES (DEFAULT, 'Johannesburg', 'Rome', '2021-09-09', '13:37', 'Airbus A320');
INSERT INTO Flights VALUES (DEFAULT, 'Johannesburg', 'Moscow', '2021-09-09', '13:37', 'Airbus A320');
INSERT INTO Flights VALUES (DEFAULT, 'Johannesburg', 'Helsinki', '2021-09-09', '13:37', 'Airbus A320');

INSERT INTO Flights VALUES (DEFAULT, 'Los Angeles', 'Gothenburg', '2021-04-19', '14:00', 'Boeing 737');
INSERT INTO Flights VALUES (DEFAULT, 'Los Angeles', 'London', '2021-04-19', '14:00', 'Boeing 737');
INSERT INTO Flights VALUES (DEFAULT, 'Los Angeles', 'Stockholm', '2021-04-19', '14:00', 'Boeing 737');
INSERT INTO Flights VALUES (DEFAULT, 'Los Angeles', 'Berlin', '2021-04-19', '14:00', 'Boeing 737');
INSERT INTO Flights VALUES (DEFAULT, 'Los Angeles', 'Copenhagen', '2021-04-19', '14:00', 'Boeing 737');
INSERT INTO Flights VALUES (DEFAULT, 'Los Angeles', 'Johannesburg', '2021-04-19', '14:00', 'Boeing 737');
INSERT INTO Flights VALUES (DEFAULT, 'Los Angeles', 'New York City', '2021-04-19', '14:00', 'Boeing 737');
INSERT INTO Flights VALUES (DEFAULT, 'Los Angeles', 'Buenos Aires', '2021-04-19', '14:00', 'Boeing 737');
INSERT INTO Flights VALUES (DEFAULT, 'Los Angeles', 'Tokyo', '2021-04-19', '14:00', 'Boeing 737');
INSERT INTO Flights VALUES (DEFAULT, 'Los Angeles', 'Shanghai', '2021-04-19', '14:00', 'Boeing 737');
INSERT INTO Flights VALUES (DEFAULT, 'Los Angeles', 'Seoul', '2021-04-19', '17:30', 'Airbus A320');
INSERT INTO Flights VALUES (DEFAULT, 'Los Angeles', 'Singapore', '2021-04-19', '17:30', 'Airbus A320');
INSERT INTO Flights VALUES (DEFAULT, 'Los Angeles', 'Phuket', '2021-04-19', '17:30', 'Airbus A320');
INSERT INTO Flights VALUES (DEFAULT, 'Los Angeles', 'Abu Dhabi', '2021-04-19', '17:30', 'Airbus A320');
INSERT INTO Flights VALUES (DEFAULT, 'Los Angeles', 'Brussels', '2021-04-19', '17:30', 'Airbus A320');
INSERT INTO Flights VALUES (DEFAULT, 'Los Angeles', 'Paris', '2021-04-19', '17:30', 'Airbus A320');
INSERT INTO Flights VALUES (DEFAULT, 'Los Angeles', 'Ibiza', '2021-04-19', '17:30', 'Airbus A320');
INSERT INTO Flights VALUES (DEFAULT, 'Los Angeles', 'Athens', '2021-04-19', '17:30', 'Airbus A320');
INSERT INTO Flights VALUES (DEFAULT, 'Los Angeles', 'Rome', '2021-04-19', '17:30', 'Airbus A320');
INSERT INTO Flights VALUES (DEFAULT, 'Los Angeles', 'Moscow', '2021-04-19', '17:30', 'Airbus A320');
INSERT INTO Flights VALUES (DEFAULT, 'Los Angeles', 'Helsinki', '2021-04-19', '17:30', 'Airbus A320');
INSERT INTO Flights VALUES (DEFAULT, 'Los Angeles', 'Gothenburg', '2021-06-15', '08:00', 'Boeing 737');
INSERT INTO Flights VALUES (DEFAULT, 'Los Angeles', 'London', '2021-06-15', '08:00', 'Boeing 737');
INSERT INTO Flights VALUES (DEFAULT, 'Los Angeles', 'Stockholm', '2021-06-15', '08:00', 'Boeing 737');
INSERT INTO Flights VALUES (DEFAULT, 'Los Angeles', 'Berlin', '2021-06-15', '08:00', 'Boeing 737');
INSERT INTO Flights VALUES (DEFAULT, 'Los Angeles', 'Copenhagen', '2021-06-15', '08:00', 'Boeing 737');
INSERT INTO Flights VALUES (DEFAULT, 'Los Angeles', 'Johannesburg', '2021-06-15', '08:00', 'Boeing 737');
INSERT INTO Flights VALUES (DEFAULT, 'Los Angeles', 'New York City', '2021-06-15', '08:00', 'Boeing 737');
INSERT INTO Flights VALUES (DEFAULT, 'Los Angeles', 'Buenos Aires', '2021-06-15', '08:00', 'Boeing 737');
INSERT INTO Flights VALUES (DEFAULT, 'Los Angeles', 'Tokyo', '2021-06-15', '08:00', 'Boeing 737');
INSERT INTO Flights VALUES (DEFAULT, 'Los Angeles', 'Shanghai', '2021-06-15', '08:00', 'Boeing 737');
INSERT INTO Flights VALUES (DEFAULT, 'Los Angeles', 'Seoul', '2021-06-15', '13:00', 'Airbus A320');
INSERT INTO Flights VALUES (DEFAULT, 'Los Angeles', 'Singapore', '2021-06-15', '13:00', 'Airbus A320');
INSERT INTO Flights VALUES (DEFAULT, 'Los Angeles', 'Phuket', '2021-06-15', '13:00', 'Airbus A320');
INSERT INTO Flights VALUES (DEFAULT, 'Los Angeles', 'Abu Dhabi', '2021-06-15', '13:00', 'Airbus A320');
INSERT INTO Flights VALUES (DEFAULT, 'Los Angeles', 'Brussels', '2021-06-15', '13:00', 'Airbus A320');
INSERT INTO Flights VALUES (DEFAULT, 'Los Angeles', 'Paris', '2021-06-15', '13:00', 'Airbus A320');
INSERT INTO Flights VALUES (DEFAULT, 'Los Angeles', 'Ibiza', '2021-06-15', '13:00', 'Airbus A320');
INSERT INTO Flights VALUES (DEFAULT, 'Los Angeles', 'Athens', '2021-06-15', '13:00', 'Airbus A320');
INSERT INTO Flights VALUES (DEFAULT, 'Los Angeles', 'Rome', '2021-06-15', '13:00', 'Airbus A320');
INSERT INTO Flights VALUES (DEFAULT, 'Los Angeles', 'Moscow', '2021-06-15', '13:00', 'Airbus A320');
INSERT INTO Flights VALUES (DEFAULT, 'Los Angeles', 'Helsinki', '2021-06-15', '13:00', 'Airbus A320');
INSERT INTO Flights VALUES (DEFAULT, 'Los Angeles', 'Gothenburg', '2021-09-09', '20:45', 'Boeing 737');
INSERT INTO Flights VALUES (DEFAULT, 'Los Angeles', 'London', '2021-09-09', '20:45', 'Boeing 737');
INSERT INTO Flights VALUES (DEFAULT, 'Los Angeles', 'Stockholm', '2021-09-09', '20:45', 'Boeing 737');
INSERT INTO Flights VALUES (DEFAULT, 'Los Angeles', 'Berlin', '2021-09-09', '20:45', 'Boeing 737');
INSERT INTO Flights VALUES (DEFAULT, 'Los Angeles', 'Copenhagen', '2021-09-09', '20:45', 'Boeing 737');
INSERT INTO Flights VALUES (DEFAULT, 'Los Angeles', 'Johannesburg', '2021-09-09', '20:45', 'Boeing 737');
INSERT INTO Flights VALUES (DEFAULT, 'Los Angeles', 'New York City', '2021-09-09', '20:45', 'Boeing 737');
INSERT INTO Flights VALUES (DEFAULT, 'Los Angeles', 'Buenos Aires', '2021-09-09', '20:45', 'Boeing 737');
INSERT INTO Flights VALUES (DEFAULT, 'Los Angeles', 'Tokyo', '2021-09-09', '20:45', 'Boeing 737');
INSERT INTO Flights VALUES (DEFAULT, 'Los Angeles', 'Shanghai', '2021-09-09', '20:45', 'Boeing 737');
INSERT INTO Flights VALUES (DEFAULT, 'Los Angeles', 'Seoul', '2021-09-09', '13:37', 'Airbus A320');
INSERT INTO Flights VALUES (DEFAULT, 'Los Angeles', 'Singapore', '2021-09-09', '13:37', 'Airbus A320');
INSERT INTO Flights VALUES (DEFAULT, 'Los Angeles', 'Phuket', '2021-09-09', '13:37', 'Airbus A320');
INSERT INTO Flights VALUES (DEFAULT, 'Los Angeles', 'Abu Dhabi', '2021-09-09', '13:37', 'Airbus A320');
INSERT INTO Flights VALUES (DEFAULT, 'Los Angeles', 'Brussels', '2021-09-09', '13:37', 'Airbus A320');
INSERT INTO Flights VALUES (DEFAULT, 'Los Angeles', 'Paris', '2021-09-09', '13:37', 'Airbus A320');
INSERT INTO Flights VALUES (DEFAULT, 'Los Angeles', 'Ibiza', '2021-09-09', '13:37', 'Airbus A320');
INSERT INTO Flights VALUES (DEFAULT, 'Los Angeles', 'Athens', '2021-09-09', '13:37', 'Airbus A320');
INSERT INTO Flights VALUES (DEFAULT, 'Los Angeles', 'Rome', '2021-09-09', '13:37', 'Airbus A320');
INSERT INTO Flights VALUES (DEFAULT, 'Los Angeles', 'Moscow', '2021-09-09', '13:37', 'Airbus A320');
INSERT INTO Flights VALUES (DEFAULT, 'Los Angeles', 'Helsinki', '2021-09-09', '13:37', 'Airbus A320');

INSERT INTO Flights VALUES (DEFAULT, 'New York City', 'Gothenburg', '2021-04-19', '14:00', 'Boeing 737');
INSERT INTO Flights VALUES (DEFAULT, 'New York City', 'London', '2021-04-19', '14:00', 'Boeing 737');
INSERT INTO Flights VALUES (DEFAULT, 'New York City', 'Stockholm', '2021-04-19', '14:00', 'Boeing 737');
INSERT INTO Flights VALUES (DEFAULT, 'New York City', 'Berlin', '2021-04-19', '14:00', 'Boeing 737');
INSERT INTO Flights VALUES (DEFAULT, 'New York City', 'Copenhagen', '2021-04-19', '14:00', 'Boeing 737');
INSERT INTO Flights VALUES (DEFAULT, 'New York City', 'Johannesburg', '2021-04-19', '14:00', 'Boeing 737');
INSERT INTO Flights VALUES (DEFAULT, 'New York City', 'Los Angeles', '2021-04-19', '14:00', 'Boeing 737');
INSERT INTO Flights VALUES (DEFAULT, 'New York City', 'Buenos Aires', '2021-04-19', '14:00', 'Boeing 737');
INSERT INTO Flights VALUES (DEFAULT, 'New York City', 'Tokyo', '2021-04-19', '14:00', 'Boeing 737');
INSERT INTO Flights VALUES (DEFAULT, 'New York City', 'Shanghai', '2021-04-19', '14:00', 'Boeing 737');
INSERT INTO Flights VALUES (DEFAULT, 'New York City', 'Seoul', '2021-04-19', '17:30', 'Airbus A320');
INSERT INTO Flights VALUES (DEFAULT, 'New York City', 'Singapore', '2021-04-19', '17:30', 'Airbus A320');
INSERT INTO Flights VALUES (DEFAULT, 'New York City', 'Phuket', '2021-04-19', '17:30', 'Airbus A320');
INSERT INTO Flights VALUES (DEFAULT, 'New York City', 'Abu Dhabi', '2021-04-19', '17:30', 'Airbus A320');
INSERT INTO Flights VALUES (DEFAULT, 'New York City', 'Brussels', '2021-04-19', '17:30', 'Airbus A320');
INSERT INTO Flights VALUES (DEFAULT, 'New York City', 'Paris', '2021-04-19', '17:30', 'Airbus A320');
INSERT INTO Flights VALUES (DEFAULT, 'New York City', 'Ibiza', '2021-04-19', '17:30', 'Airbus A320');
INSERT INTO Flights VALUES (DEFAULT, 'New York City', 'Athens', '2021-04-19', '17:30', 'Airbus A320');
INSERT INTO Flights VALUES (DEFAULT, 'New York City', 'Rome', '2021-04-19', '17:30', 'Airbus A320');
INSERT INTO Flights VALUES (DEFAULT, 'New York City', 'Moscow', '2021-04-19', '17:30', 'Airbus A320');
INSERT INTO Flights VALUES (DEFAULT, 'New York City', 'Helsinki', '2021-04-19', '17:30', 'Airbus A320');
INSERT INTO Flights VALUES (DEFAULT, 'New York City', 'Gothenburg', '2021-06-15', '08:00', 'Boeing 737');
INSERT INTO Flights VALUES (DEFAULT, 'New York City', 'London', '2021-06-15', '08:00', 'Boeing 737');
INSERT INTO Flights VALUES (DEFAULT, 'New York City', 'Stockholm', '2021-06-15', '08:00', 'Boeing 737');
INSERT INTO Flights VALUES (DEFAULT, 'New York City', 'Berlin', '2021-06-15', '08:00', 'Boeing 737');
INSERT INTO Flights VALUES (DEFAULT, 'New York City', 'Copenhagen', '2021-06-15', '08:00', 'Boeing 737');
INSERT INTO Flights VALUES (DEFAULT, 'New York City', 'Johannesburg', '2021-06-15', '08:00', 'Boeing 737');
INSERT INTO Flights VALUES (DEFAULT, 'New York City', 'Los Angeles', '2021-06-15', '08:00', 'Boeing 737');
INSERT INTO Flights VALUES (DEFAULT, 'New York City', 'Buenos Aires', '2021-06-15', '08:00', 'Boeing 737');
INSERT INTO Flights VALUES (DEFAULT, 'New York City', 'Tokyo', '2021-06-15', '08:00', 'Boeing 737');
INSERT INTO Flights VALUES (DEFAULT, 'New York City', 'Shanghai', '2021-06-15', '08:00', 'Boeing 737');
INSERT INTO Flights VALUES (DEFAULT, 'New York City', 'Seoul', '2021-06-15', '13:00', 'Airbus A320');
INSERT INTO Flights VALUES (DEFAULT, 'New York City', 'Singapore', '2021-06-15', '13:00', 'Airbus A320');
INSERT INTO Flights VALUES (DEFAULT, 'New York City', 'Phuket', '2021-06-15', '13:00', 'Airbus A320');
INSERT INTO Flights VALUES (DEFAULT, 'New York City', 'Abu Dhabi', '2021-06-15', '13:00', 'Airbus A320');
INSERT INTO Flights VALUES (DEFAULT, 'New York City', 'Brussels', '2021-06-15', '13:00', 'Airbus A320');
INSERT INTO Flights VALUES (DEFAULT, 'New York City', 'Paris', '2021-06-15', '13:00', 'Airbus A320');
INSERT INTO Flights VALUES (DEFAULT, 'New York City', 'Ibiza', '2021-06-15', '13:00', 'Airbus A320');
INSERT INTO Flights VALUES (DEFAULT, 'New York City', 'Athens', '2021-06-15', '13:00', 'Airbus A320');
INSERT INTO Flights VALUES (DEFAULT, 'New York City', 'Rome', '2021-06-15', '13:00', 'Airbus A320');
INSERT INTO Flights VALUES (DEFAULT, 'New York City', 'Moscow', '2021-06-15', '13:00', 'Airbus A320');
INSERT INTO Flights VALUES (DEFAULT, 'New York City', 'Helsinki', '2021-06-15', '13:00', 'Airbus A320');
INSERT INTO Flights VALUES (DEFAULT, 'New York City', 'Gothenburg', '2021-09-09', '20:45', 'Boeing 737');
INSERT INTO Flights VALUES (DEFAULT, 'New York City', 'London', '2021-09-09', '20:45', 'Boeing 737');
INSERT INTO Flights VALUES (DEFAULT, 'New York City', 'Stockholm', '2021-09-09', '20:45', 'Boeing 737');
INSERT INTO Flights VALUES (DEFAULT, 'New York City', 'Berlin', '2021-09-09', '20:45', 'Boeing 737');
INSERT INTO Flights VALUES (DEFAULT, 'New York City', 'Copenhagen', '2021-09-09', '20:45', 'Boeing 737');
INSERT INTO Flights VALUES (DEFAULT, 'New York City', 'Johannesburg', '2021-09-09', '20:45', 'Boeing 737');
INSERT INTO Flights VALUES (DEFAULT, 'New York City', 'Los Angeles', '2021-09-09', '20:45', 'Boeing 737');
INSERT INTO Flights VALUES (DEFAULT, 'New York City', 'Buenos Aires', '2021-09-09', '20:45', 'Boeing 737');
INSERT INTO Flights VALUES (DEFAULT, 'New York City', 'Tokyo', '2021-09-09', '20:45', 'Boeing 737');
INSERT INTO Flights VALUES (DEFAULT, 'New York City', 'Shanghai', '2021-09-09', '20:45', 'Boeing 737');
INSERT INTO Flights VALUES (DEFAULT, 'New York City', 'Seoul', '2021-09-09', '13:37', 'Airbus A320');
INSERT INTO Flights VALUES (DEFAULT, 'New York City', 'Singapore', '2021-09-09', '13:37', 'Airbus A320');
INSERT INTO Flights VALUES (DEFAULT, 'New York City', 'Phuket', '2021-09-09', '13:37', 'Airbus A320');
INSERT INTO Flights VALUES (DEFAULT, 'New York City', 'Abu Dhabi', '2021-09-09', '13:37', 'Airbus A320');
INSERT INTO Flights VALUES (DEFAULT, 'New York City', 'Brussels', '2021-09-09', '13:37', 'Airbus A320');
INSERT INTO Flights VALUES (DEFAULT, 'New York City', 'Paris', '2021-09-09', '13:37', 'Airbus A320');
INSERT INTO Flights VALUES (DEFAULT, 'New York City', 'Ibiza', '2021-09-09', '13:37', 'Airbus A320');
INSERT INTO Flights VALUES (DEFAULT, 'New York City', 'Athens', '2021-09-09', '13:37', 'Airbus A320');
INSERT INTO Flights VALUES (DEFAULT, 'New York City', 'Rome', '2021-09-09', '13:37', 'Airbus A320');
INSERT INTO Flights VALUES (DEFAULT, 'New York City', 'Moscow', '2021-09-09', '13:37', 'Airbus A320');
INSERT INTO Flights VALUES (DEFAULT, 'New York City', 'Helsinki', '2021-09-09', '13:37', 'Airbus A320');

INSERT INTO Flights VALUES (DEFAULT, 'Buenos Aires', 'Gothenburg', '2021-04-19', '14:00', 'Boeing 737');
INSERT INTO Flights VALUES (DEFAULT, 'Buenos Aires', 'London', '2021-04-19', '14:00', 'Boeing 737');
INSERT INTO Flights VALUES (DEFAULT, 'Buenos Aires', 'Stockholm', '2021-04-19', '14:00', 'Boeing 737');
INSERT INTO Flights VALUES (DEFAULT, 'Buenos Aires', 'Berlin', '2021-04-19', '14:00', 'Boeing 737');
INSERT INTO Flights VALUES (DEFAULT, 'Buenos Aires', 'Copenhagen', '2021-04-19', '14:00', 'Boeing 737');
INSERT INTO Flights VALUES (DEFAULT, 'Buenos Aires', 'Johannesburg', '2021-04-19', '14:00', 'Boeing 737');
INSERT INTO Flights VALUES (DEFAULT, 'Buenos Aires', 'Los Angeles', '2021-04-19', '14:00', 'Boeing 737');
INSERT INTO Flights VALUES (DEFAULT, 'Buenos Aires', 'New York City', '2021-04-19', '14:00', 'Boeing 737');
INSERT INTO Flights VALUES (DEFAULT, 'Buenos Aires', 'Tokyo', '2021-04-19', '14:00', 'Boeing 737');
INSERT INTO Flights VALUES (DEFAULT, 'Buenos Aires', 'Shanghai', '2021-04-19', '14:00', 'Boeing 737');
INSERT INTO Flights VALUES (DEFAULT, 'Buenos Aires', 'Seoul', '2021-04-19', '17:30', 'Airbus A320');
INSERT INTO Flights VALUES (DEFAULT, 'Buenos Aires', 'Singapore', '2021-04-19', '17:30', 'Airbus A320');
INSERT INTO Flights VALUES (DEFAULT, 'Buenos Aires', 'Phuket', '2021-04-19', '17:30', 'Airbus A320');
INSERT INTO Flights VALUES (DEFAULT, 'Buenos Aires', 'Abu Dhabi', '2021-04-19', '17:30', 'Airbus A320');
INSERT INTO Flights VALUES (DEFAULT, 'Buenos Aires', 'Brussels', '2021-04-19', '17:30', 'Airbus A320');
INSERT INTO Flights VALUES (DEFAULT, 'Buenos Aires', 'Paris', '2021-04-19', '17:30', 'Airbus A320');
INSERT INTO Flights VALUES (DEFAULT, 'Buenos Aires', 'Ibiza', '2021-04-19', '17:30', 'Airbus A320');
INSERT INTO Flights VALUES (DEFAULT, 'Buenos Aires', 'Athens', '2021-04-19', '17:30', 'Airbus A320');
INSERT INTO Flights VALUES (DEFAULT, 'Buenos Aires', 'Rome', '2021-04-19', '17:30', 'Airbus A320');
INSERT INTO Flights VALUES (DEFAULT, 'Buenos Aires', 'Moscow', '2021-04-19', '17:30', 'Airbus A320');
INSERT INTO Flights VALUES (DEFAULT, 'Buenos Aires', 'Helsinki', '2021-04-19', '17:30', 'Airbus A320');
INSERT INTO Flights VALUES (DEFAULT, 'Buenos Aires', 'Gothenburg', '2021-06-15', '08:00', 'Boeing 737');
INSERT INTO Flights VALUES (DEFAULT, 'Buenos Aires', 'London', '2021-06-15', '08:00', 'Boeing 737');
INSERT INTO Flights VALUES (DEFAULT, 'Buenos Aires', 'Stockholm', '2021-06-15', '08:00', 'Boeing 737');
INSERT INTO Flights VALUES (DEFAULT, 'Buenos Aires', 'Berlin', '2021-06-15', '08:00', 'Boeing 737');
INSERT INTO Flights VALUES (DEFAULT, 'Buenos Aires', 'Copenhagen', '2021-06-15', '08:00', 'Boeing 737');
INSERT INTO Flights VALUES (DEFAULT, 'Buenos Aires', 'Johannesburg', '2021-06-15', '08:00', 'Boeing 737');
INSERT INTO Flights VALUES (DEFAULT, 'Buenos Aires', 'Los Angeles', '2021-06-15', '08:00', 'Boeing 737');
INSERT INTO Flights VALUES (DEFAULT, 'Buenos Aires', 'New York City', '2021-06-15', '08:00', 'Boeing 737');
INSERT INTO Flights VALUES (DEFAULT, 'Buenos Aires', 'Tokyo', '2021-06-15', '08:00', 'Boeing 737');
INSERT INTO Flights VALUES (DEFAULT, 'Buenos Aires', 'Shanghai', '2021-06-15', '08:00', 'Boeing 737');
INSERT INTO Flights VALUES (DEFAULT, 'Buenos Aires', 'Seoul', '2021-06-15', '13:00', 'Airbus A320');
INSERT INTO Flights VALUES (DEFAULT, 'Buenos Aires', 'Singapore', '2021-06-15', '13:00', 'Airbus A320');
INSERT INTO Flights VALUES (DEFAULT, 'Buenos Aires', 'Phuket', '2021-06-15', '13:00', 'Airbus A320');
INSERT INTO Flights VALUES (DEFAULT, 'Buenos Aires', 'Abu Dhabi', '2021-06-15', '13:00', 'Airbus A320');
INSERT INTO Flights VALUES (DEFAULT, 'Buenos Aires', 'Brussels', '2021-06-15', '13:00', 'Airbus A320');
INSERT INTO Flights VALUES (DEFAULT, 'Buenos Aires', 'Paris', '2021-06-15', '13:00', 'Airbus A320');
INSERT INTO Flights VALUES (DEFAULT, 'Buenos Aires', 'Ibiza', '2021-06-15', '13:00', 'Airbus A320');
INSERT INTO Flights VALUES (DEFAULT, 'Buenos Aires', 'Athens', '2021-06-15', '13:00', 'Airbus A320');
INSERT INTO Flights VALUES (DEFAULT, 'Buenos Aires', 'Rome', '2021-06-15', '13:00', 'Airbus A320');
INSERT INTO Flights VALUES (DEFAULT, 'Buenos Aires', 'Moscow', '2021-06-15', '13:00', 'Airbus A320');
INSERT INTO Flights VALUES (DEFAULT, 'Buenos Aires', 'Helsinki', '2021-06-15', '13:00', 'Airbus A320');
INSERT INTO Flights VALUES (DEFAULT, 'Buenos Aires', 'Gothenburg', '2021-09-09', '20:45', 'Boeing 737');
INSERT INTO Flights VALUES (DEFAULT, 'Buenos Aires', 'London', '2021-09-09', '20:45', 'Boeing 737');
INSERT INTO Flights VALUES (DEFAULT, 'Buenos Aires', 'Stockholm', '2021-09-09', '20:45', 'Boeing 737');
INSERT INTO Flights VALUES (DEFAULT, 'Buenos Aires', 'Berlin', '2021-09-09', '20:45', 'Boeing 737');
INSERT INTO Flights VALUES (DEFAULT, 'Buenos Aires', 'Copenhagen', '2021-09-09', '20:45', 'Boeing 737');
INSERT INTO Flights VALUES (DEFAULT, 'Buenos Aires', 'Johannesburg', '2021-09-09', '20:45', 'Boeing 737');
INSERT INTO Flights VALUES (DEFAULT, 'Buenos Aires', 'Los Angeles', '2021-09-09', '20:45', 'Boeing 737');
INSERT INTO Flights VALUES (DEFAULT, 'Buenos Aires', 'New York City', '2021-09-09', '20:45', 'Boeing 737');
INSERT INTO Flights VALUES (DEFAULT, 'Buenos Aires', 'Tokyo', '2021-09-09', '20:45', 'Boeing 737');
INSERT INTO Flights VALUES (DEFAULT, 'Buenos Aires', 'Shanghai', '2021-09-09', '20:45', 'Boeing 737');
INSERT INTO Flights VALUES (DEFAULT, 'Buenos Aires', 'Seoul', '2021-09-09', '13:37', 'Airbus A320');
INSERT INTO Flights VALUES (DEFAULT, 'Buenos Aires', 'Singapore', '2021-09-09', '13:37', 'Airbus A320');
INSERT INTO Flights VALUES (DEFAULT, 'Buenos Aires', 'Phuket', '2021-09-09', '13:37', 'Airbus A320');
INSERT INTO Flights VALUES (DEFAULT, 'Buenos Aires', 'Abu Dhabi', '2021-09-09', '13:37', 'Airbus A320');
INSERT INTO Flights VALUES (DEFAULT, 'Buenos Aires', 'Brussels', '2021-09-09', '13:37', 'Airbus A320');
INSERT INTO Flights VALUES (DEFAULT, 'Buenos Aires', 'Paris', '2021-09-09', '13:37', 'Airbus A320');
INSERT INTO Flights VALUES (DEFAULT, 'Buenos Aires', 'Ibiza', '2021-09-09', '13:37', 'Airbus A320');
INSERT INTO Flights VALUES (DEFAULT, 'Buenos Aires', 'Athens', '2021-09-09', '13:37', 'Airbus A320');
INSERT INTO Flights VALUES (DEFAULT, 'Buenos Aires', 'Rome', '2021-09-09', '13:37', 'Airbus A320');
INSERT INTO Flights VALUES (DEFAULT, 'Buenos Aires', 'Moscow', '2021-09-09', '13:37', 'Airbus A320');
INSERT INTO Flights VALUES (DEFAULT, 'Buenos Aires', 'Helsinki', '2021-09-09', '13:37', 'Airbus A320');

INSERT INTO Flights VALUES (DEFAULT, 'Tokyo', 'Gothenburg', '2021-04-19', '14:00', 'Boeing 737');
INSERT INTO Flights VALUES (DEFAULT, 'Tokyo', 'London', '2021-04-19', '14:00', 'Boeing 737');
INSERT INTO Flights VALUES (DEFAULT, 'Tokyo', 'Stockholm', '2021-04-19', '14:00', 'Boeing 737');
INSERT INTO Flights VALUES (DEFAULT, 'Tokyo', 'Berlin', '2021-04-19', '14:00', 'Boeing 737');
INSERT INTO Flights VALUES (DEFAULT, 'Tokyo', 'Copenhagen', '2021-04-19', '14:00', 'Boeing 737');
INSERT INTO Flights VALUES (DEFAULT, 'Tokyo', 'Johannesburg', '2021-04-19', '14:00', 'Boeing 737');
INSERT INTO Flights VALUES (DEFAULT, 'Tokyo', 'Los Angeles', '2021-04-19', '14:00', 'Boeing 737');
INSERT INTO Flights VALUES (DEFAULT, 'Tokyo', 'New York City', '2021-04-19', '14:00', 'Boeing 737');
INSERT INTO Flights VALUES (DEFAULT, 'Tokyo', 'Buenos Aires', '2021-04-19', '14:00', 'Boeing 737');
INSERT INTO Flights VALUES (DEFAULT, 'Tokyo', 'Shanghai', '2021-04-19', '14:00', 'Boeing 737');
INSERT INTO Flights VALUES (DEFAULT, 'Tokyo', 'Seoul', '2021-04-19', '17:30', 'Airbus A320');
INSERT INTO Flights VALUES (DEFAULT, 'Tokyo', 'Singapore', '2021-04-19', '17:30', 'Airbus A320');
INSERT INTO Flights VALUES (DEFAULT, 'Tokyo', 'Phuket', '2021-04-19', '17:30', 'Airbus A320');
INSERT INTO Flights VALUES (DEFAULT, 'Tokyo', 'Abu Dhabi', '2021-04-19', '17:30', 'Airbus A320');
INSERT INTO Flights VALUES (DEFAULT, 'Tokyo', 'Brussels', '2021-04-19', '17:30', 'Airbus A320');
INSERT INTO Flights VALUES (DEFAULT, 'Tokyo', 'Paris', '2021-04-19', '17:30', 'Airbus A320');
INSERT INTO Flights VALUES (DEFAULT, 'Tokyo', 'Ibiza', '2021-04-19', '17:30', 'Airbus A320');
INSERT INTO Flights VALUES (DEFAULT, 'Tokyo', 'Athens', '2021-04-19', '17:30', 'Airbus A320');
INSERT INTO Flights VALUES (DEFAULT, 'Tokyo', 'Rome', '2021-04-19', '17:30', 'Airbus A320');
INSERT INTO Flights VALUES (DEFAULT, 'Tokyo', 'Moscow', '2021-04-19', '17:30', 'Airbus A320');
INSERT INTO Flights VALUES (DEFAULT, 'Tokyo', 'Helsinki', '2021-04-19', '17:30', 'Airbus A320');
INSERT INTO Flights VALUES (DEFAULT, 'Tokyo', 'Gothenburg', '2021-06-15', '08:00', 'Boeing 737');
INSERT INTO Flights VALUES (DEFAULT, 'Tokyo', 'London', '2021-06-15', '08:00', 'Boeing 737');
INSERT INTO Flights VALUES (DEFAULT, 'Tokyo', 'Stockholm', '2021-06-15', '08:00', 'Boeing 737');
INSERT INTO Flights VALUES (DEFAULT, 'Tokyo', 'Berlin', '2021-06-15', '08:00', 'Boeing 737');
INSERT INTO Flights VALUES (DEFAULT, 'Tokyo', 'Copenhagen', '2021-06-15', '08:00', 'Boeing 737');
INSERT INTO Flights VALUES (DEFAULT, 'Tokyo', 'Johannesburg', '2021-06-15', '08:00', 'Boeing 737');
INSERT INTO Flights VALUES (DEFAULT, 'Tokyo', 'Los Angeles', '2021-06-15', '08:00', 'Boeing 737');
INSERT INTO Flights VALUES (DEFAULT, 'Tokyo', 'New York City', '2021-06-15', '08:00', 'Boeing 737');
INSERT INTO Flights VALUES (DEFAULT, 'Tokyo', 'Buenos Aires', '2021-06-15', '08:00', 'Boeing 737');
INSERT INTO Flights VALUES (DEFAULT, 'Tokyo', 'Shanghai', '2021-06-15', '08:00', 'Boeing 737');
INSERT INTO Flights VALUES (DEFAULT, 'Tokyo', 'Seoul', '2021-06-15', '13:00', 'Airbus A320');
INSERT INTO Flights VALUES (DEFAULT, 'Tokyo', 'Singapore', '2021-06-15', '13:00', 'Airbus A320');
INSERT INTO Flights VALUES (DEFAULT, 'Tokyo', 'Phuket', '2021-06-15', '13:00', 'Airbus A320');
INSERT INTO Flights VALUES (DEFAULT, 'Tokyo', 'Abu Dhabi', '2021-06-15', '13:00', 'Airbus A320');
INSERT INTO Flights VALUES (DEFAULT, 'Tokyo', 'Brussels', '2021-06-15', '13:00', 'Airbus A320');
INSERT INTO Flights VALUES (DEFAULT, 'Tokyo', 'Paris', '2021-06-15', '13:00', 'Airbus A320');
INSERT INTO Flights VALUES (DEFAULT, 'Tokyo', 'Ibiza', '2021-06-15', '13:00', 'Airbus A320');
INSERT INTO Flights VALUES (DEFAULT, 'Tokyo', 'Athens', '2021-06-15', '13:00', 'Airbus A320');
INSERT INTO Flights VALUES (DEFAULT, 'Tokyo', 'Rome', '2021-06-15', '13:00', 'Airbus A320');
INSERT INTO Flights VALUES (DEFAULT, 'Tokyo', 'Moscow', '2021-06-15', '13:00', 'Airbus A320');
INSERT INTO Flights VALUES (DEFAULT, 'Tokyo', 'Helsinki', '2021-06-15', '13:00', 'Airbus A320');
INSERT INTO Flights VALUES (DEFAULT, 'Tokyo', 'Gothenburg', '2021-09-09', '20:45', 'Boeing 737');
INSERT INTO Flights VALUES (DEFAULT, 'Tokyo', 'London', '2021-09-09', '20:45', 'Boeing 737');
INSERT INTO Flights VALUES (DEFAULT, 'Tokyo', 'Stockholm', '2021-09-09', '20:45', 'Boeing 737');
INSERT INTO Flights VALUES (DEFAULT, 'Tokyo', 'Berlin', '2021-09-09', '20:45', 'Boeing 737');
INSERT INTO Flights VALUES (DEFAULT, 'Tokyo', 'Copenhagen', '2021-09-09', '20:45', 'Boeing 737');
INSERT INTO Flights VALUES (DEFAULT, 'Tokyo', 'Johannesburg', '2021-09-09', '20:45', 'Boeing 737');
INSERT INTO Flights VALUES (DEFAULT, 'Tokyo', 'Los Angeles', '2021-09-09', '20:45', 'Boeing 737');
INSERT INTO Flights VALUES (DEFAULT, 'Tokyo', 'New York City', '2021-09-09', '20:45', 'Boeing 737');
INSERT INTO Flights VALUES (DEFAULT, 'Tokyo', 'Buenos Aires', '2021-09-09', '20:45', 'Boeing 737');
INSERT INTO Flights VALUES (DEFAULT, 'Tokyo', 'Shanghai', '2021-09-09', '20:45', 'Boeing 737');
INSERT INTO Flights VALUES (DEFAULT, 'Tokyo', 'Seoul', '2021-09-09', '13:37', 'Airbus A320');
INSERT INTO Flights VALUES (DEFAULT, 'Tokyo', 'Singapore', '2021-09-09', '13:37', 'Airbus A320');
INSERT INTO Flights VALUES (DEFAULT, 'Tokyo', 'Phuket', '2021-09-09', '13:37', 'Airbus A320');
INSERT INTO Flights VALUES (DEFAULT, 'Tokyo', 'Abu Dhabi', '2021-09-09', '13:37', 'Airbus A320');
INSERT INTO Flights VALUES (DEFAULT, 'Tokyo', 'Brussels', '2021-09-09', '13:37', 'Airbus A320');
INSERT INTO Flights VALUES (DEFAULT, 'Tokyo', 'Paris', '2021-09-09', '13:37', 'Airbus A320');
INSERT INTO Flights VALUES (DEFAULT, 'Tokyo', 'Ibiza', '2021-09-09', '13:37', 'Airbus A320');
INSERT INTO Flights VALUES (DEFAULT, 'Tokyo', 'Athens', '2021-09-09', '13:37', 'Airbus A320');
INSERT INTO Flights VALUES (DEFAULT, 'Tokyo', 'Rome', '2021-09-09', '13:37', 'Airbus A320');
INSERT INTO Flights VALUES (DEFAULT, 'Tokyo', 'Moscow', '2021-09-09', '13:37', 'Airbus A320');
INSERT INTO Flights VALUES (DEFAULT, 'Tokyo', 'Helsinki', '2021-09-09', '13:37', 'Airbus A320');

INSERT INTO Flights VALUES (DEFAULT, 'Shanghai', 'Gothenburg', '2021-04-19', '14:00', 'Boeing 737');
INSERT INTO Flights VALUES (DEFAULT, 'Shanghai', 'London', '2021-04-19', '14:00', 'Boeing 737');
INSERT INTO Flights VALUES (DEFAULT, 'Shanghai', 'Stockholm', '2021-04-19', '14:00', 'Boeing 737');
INSERT INTO Flights VALUES (DEFAULT, 'Shanghai', 'Berlin', '2021-04-19', '14:00', 'Boeing 737');
INSERT INTO Flights VALUES (DEFAULT, 'Shanghai', 'Copenhagen', '2021-04-19', '14:00', 'Boeing 737');
INSERT INTO Flights VALUES (DEFAULT, 'Shanghai', 'Johannesburg', '2021-04-19', '14:00', 'Boeing 737');
INSERT INTO Flights VALUES (DEFAULT, 'Shanghai', 'Los Angeles', '2021-04-19', '14:00', 'Boeing 737');
INSERT INTO Flights VALUES (DEFAULT, 'Shanghai', 'New York City', '2021-04-19', '14:00', 'Boeing 737');
INSERT INTO Flights VALUES (DEFAULT, 'Shanghai', 'Buenos Aires', '2021-04-19', '14:00', 'Boeing 737');
INSERT INTO Flights VALUES (DEFAULT, 'Shanghai', 'Tokyo', '2021-04-19', '14:00', 'Boeing 737');
INSERT INTO Flights VALUES (DEFAULT, 'Shanghai', 'Seoul', '2021-04-19', '17:30', 'Airbus A320');
INSERT INTO Flights VALUES (DEFAULT, 'Shanghai', 'Singapore', '2021-04-19', '17:30', 'Airbus A320');
INSERT INTO Flights VALUES (DEFAULT, 'Shanghai', 'Phuket', '2021-04-19', '17:30', 'Airbus A320');
INSERT INTO Flights VALUES (DEFAULT, 'Shanghai', 'Abu Dhabi', '2021-04-19', '17:30', 'Airbus A320');
INSERT INTO Flights VALUES (DEFAULT, 'Shanghai', 'Brussels', '2021-04-19', '17:30', 'Airbus A320');
INSERT INTO Flights VALUES (DEFAULT, 'Shanghai', 'Paris', '2021-04-19', '17:30', 'Airbus A320');
INSERT INTO Flights VALUES (DEFAULT, 'Shanghai', 'Ibiza', '2021-04-19', '17:30', 'Airbus A320');
INSERT INTO Flights VALUES (DEFAULT, 'Shanghai', 'Athens', '2021-04-19', '17:30', 'Airbus A320');
INSERT INTO Flights VALUES (DEFAULT, 'Shanghai', 'Rome', '2021-04-19', '17:30', 'Airbus A320');
INSERT INTO Flights VALUES (DEFAULT, 'Shanghai', 'Moscow', '2021-04-19', '17:30', 'Airbus A320');
INSERT INTO Flights VALUES (DEFAULT, 'Shanghai', 'Helsinki', '2021-04-19', '17:30', 'Airbus A320');
INSERT INTO Flights VALUES (DEFAULT, 'Shanghai', 'Gothenburg', '2021-06-15', '08:00', 'Boeing 737');
INSERT INTO Flights VALUES (DEFAULT, 'Shanghai', 'London', '2021-06-15', '08:00', 'Boeing 737');
INSERT INTO Flights VALUES (DEFAULT, 'Shanghai', 'Stockholm', '2021-06-15', '08:00', 'Boeing 737');
INSERT INTO Flights VALUES (DEFAULT, 'Shanghai', 'Berlin', '2021-06-15', '08:00', 'Boeing 737');
INSERT INTO Flights VALUES (DEFAULT, 'Shanghai', 'Copenhagen', '2021-06-15', '08:00', 'Boeing 737');
INSERT INTO Flights VALUES (DEFAULT, 'Shanghai', 'Johannesburg', '2021-06-15', '08:00', 'Boeing 737');
INSERT INTO Flights VALUES (DEFAULT, 'Shanghai', 'Los Angeles', '2021-06-15', '08:00', 'Boeing 737');
INSERT INTO Flights VALUES (DEFAULT, 'Shanghai', 'New York City', '2021-06-15', '08:00', 'Boeing 737');
INSERT INTO Flights VALUES (DEFAULT, 'Shanghai', 'Buenos Aires', '2021-06-15', '08:00', 'Boeing 737');
INSERT INTO Flights VALUES (DEFAULT, 'Shanghai', 'Tokyo', '2021-06-15', '08:00', 'Boeing 737');
INSERT INTO Flights VALUES (DEFAULT, 'Shanghai', 'Seoul', '2021-06-15', '13:00', 'Airbus A320');
INSERT INTO Flights VALUES (DEFAULT, 'Shanghai', 'Singapore', '2021-06-15', '13:00', 'Airbus A320');
INSERT INTO Flights VALUES (DEFAULT, 'Shanghai', 'Phuket', '2021-06-15', '13:00', 'Airbus A320');
INSERT INTO Flights VALUES (DEFAULT, 'Shanghai', 'Abu Dhabi', '2021-06-15', '13:00', 'Airbus A320');
INSERT INTO Flights VALUES (DEFAULT, 'Shanghai', 'Brussels', '2021-06-15', '13:00', 'Airbus A320');
INSERT INTO Flights VALUES (DEFAULT, 'Shanghai', 'Paris', '2021-06-15', '13:00', 'Airbus A320');
INSERT INTO Flights VALUES (DEFAULT, 'Shanghai', 'Ibiza', '2021-06-15', '13:00', 'Airbus A320');
INSERT INTO Flights VALUES (DEFAULT, 'Shanghai', 'Athens', '2021-06-15', '13:00', 'Airbus A320');
INSERT INTO Flights VALUES (DEFAULT, 'Shanghai', 'Rome', '2021-06-15', '13:00', 'Airbus A320');
INSERT INTO Flights VALUES (DEFAULT, 'Shanghai', 'Moscow', '2021-06-15', '13:00', 'Airbus A320');
INSERT INTO Flights VALUES (DEFAULT, 'Shanghai', 'Helsinki', '2021-06-15', '13:00', 'Airbus A320');
INSERT INTO Flights VALUES (DEFAULT, 'Shanghai', 'Gothenburg', '2021-09-09', '20:45', 'Boeing 737');
INSERT INTO Flights VALUES (DEFAULT, 'Shanghai', 'London', '2021-09-09', '20:45', 'Boeing 737');
INSERT INTO Flights VALUES (DEFAULT, 'Shanghai', 'Stockholm', '2021-09-09', '20:45', 'Boeing 737');
INSERT INTO Flights VALUES (DEFAULT, 'Shanghai', 'Berlin', '2021-09-09', '20:45', 'Boeing 737');
INSERT INTO Flights VALUES (DEFAULT, 'Shanghai', 'Copenhagen', '2021-09-09', '20:45', 'Boeing 737');
INSERT INTO Flights VALUES (DEFAULT, 'Shanghai', 'Johannesburg', '2021-09-09', '20:45', 'Boeing 737');
INSERT INTO Flights VALUES (DEFAULT, 'Shanghai', 'Los Angeles', '2021-09-09', '20:45', 'Boeing 737');
INSERT INTO Flights VALUES (DEFAULT, 'Shanghai', 'New York City', '2021-09-09', '20:45', 'Boeing 737');
INSERT INTO Flights VALUES (DEFAULT, 'Shanghai', 'Buenos Aires', '2021-09-09', '20:45', 'Boeing 737');
INSERT INTO Flights VALUES (DEFAULT, 'Shanghai', 'Tokyo', '2021-09-09', '20:45', 'Boeing 737');
INSERT INTO Flights VALUES (DEFAULT, 'Shanghai', 'Seoul', '2021-09-09', '13:37', 'Airbus A320');
INSERT INTO Flights VALUES (DEFAULT, 'Shanghai', 'Singapore', '2021-09-09', '13:37', 'Airbus A320');
INSERT INTO Flights VALUES (DEFAULT, 'Shanghai', 'Phuket', '2021-09-09', '13:37', 'Airbus A320');
INSERT INTO Flights VALUES (DEFAULT, 'Shanghai', 'Abu Dhabi', '2021-09-09', '13:37', 'Airbus A320');
INSERT INTO Flights VALUES (DEFAULT, 'Shanghai', 'Brussels', '2021-09-09', '13:37', 'Airbus A320');
INSERT INTO Flights VALUES (DEFAULT, 'Shanghai', 'Paris', '2021-09-09', '13:37', 'Airbus A320');
INSERT INTO Flights VALUES (DEFAULT, 'Shanghai', 'Ibiza', '2021-09-09', '13:37', 'Airbus A320');
INSERT INTO Flights VALUES (DEFAULT, 'Shanghai', 'Athens', '2021-09-09', '13:37', 'Airbus A320');
INSERT INTO Flights VALUES (DEFAULT, 'Shanghai', 'Rome', '2021-09-09', '13:37', 'Airbus A320');
INSERT INTO Flights VALUES (DEFAULT, 'Shanghai', 'Moscow', '2021-09-09', '13:37', 'Airbus A320');
INSERT INTO Flights VALUES (DEFAULT, 'Shanghai', 'Helsinki', '2021-09-09', '13:37', 'Airbus A320');

INSERT INTO Flights VALUES (DEFAULT, 'Seoul', 'Gothenburg', '2021-04-19', '14:00', 'Boeing 737');
INSERT INTO Flights VALUES (DEFAULT, 'Seoul', 'London', '2021-04-19', '14:00', 'Boeing 737');
INSERT INTO Flights VALUES (DEFAULT, 'Seoul', 'Stockholm', '2021-04-19', '14:00', 'Boeing 737');
INSERT INTO Flights VALUES (DEFAULT, 'Seoul', 'Berlin', '2021-04-19', '14:00', 'Boeing 737');
INSERT INTO Flights VALUES (DEFAULT, 'Seoul', 'Copenhagen', '2021-04-19', '14:00', 'Boeing 737');
INSERT INTO Flights VALUES (DEFAULT, 'Seoul', 'Johannesburg', '2021-04-19', '14:00', 'Boeing 737');
INSERT INTO Flights VALUES (DEFAULT, 'Seoul', 'Los Angeles', '2021-04-19', '14:00', 'Boeing 737');
INSERT INTO Flights VALUES (DEFAULT, 'Seoul', 'New York City', '2021-04-19', '14:00', 'Boeing 737');
INSERT INTO Flights VALUES (DEFAULT, 'Seoul', 'Buenos Aires', '2021-04-19', '14:00', 'Boeing 737');
INSERT INTO Flights VALUES (DEFAULT, 'Seoul', 'Tokyo', '2021-04-19', '14:00', 'Boeing 737');
INSERT INTO Flights VALUES (DEFAULT, 'Seoul', 'Shanghai', '2021-04-19', '17:30', 'Airbus A320');
INSERT INTO Flights VALUES (DEFAULT, 'Seoul', 'Singapore', '2021-04-19', '17:30', 'Airbus A320');
INSERT INTO Flights VALUES (DEFAULT, 'Seoul', 'Phuket', '2021-04-19', '17:30', 'Airbus A320');
INSERT INTO Flights VALUES (DEFAULT, 'Seoul', 'Abu Dhabi', '2021-04-19', '17:30', 'Airbus A320');
INSERT INTO Flights VALUES (DEFAULT, 'Seoul', 'Brussels', '2021-04-19', '17:30', 'Airbus A320');
INSERT INTO Flights VALUES (DEFAULT, 'Seoul', 'Paris', '2021-04-19', '17:30', 'Airbus A320');
INSERT INTO Flights VALUES (DEFAULT, 'Seoul', 'Ibiza', '2021-04-19', '17:30', 'Airbus A320');
INSERT INTO Flights VALUES (DEFAULT, 'Seoul', 'Athens', '2021-04-19', '17:30', 'Airbus A320');
INSERT INTO Flights VALUES (DEFAULT, 'Seoul', 'Rome', '2021-04-19', '17:30', 'Airbus A320');
INSERT INTO Flights VALUES (DEFAULT, 'Seoul', 'Moscow', '2021-04-19', '17:30', 'Airbus A320');
INSERT INTO Flights VALUES (DEFAULT, 'Seoul', 'Helsinki', '2021-04-19', '17:30', 'Airbus A320');
INSERT INTO Flights VALUES (DEFAULT, 'Seoul', 'Gothenburg', '2021-06-15', '08:00', 'Boeing 737');
INSERT INTO Flights VALUES (DEFAULT, 'Seoul', 'London', '2021-06-15', '08:00', 'Boeing 737');
INSERT INTO Flights VALUES (DEFAULT, 'Seoul', 'Stockholm', '2021-06-15', '08:00', 'Boeing 737');
INSERT INTO Flights VALUES (DEFAULT, 'Seoul', 'Berlin', '2021-06-15', '08:00', 'Boeing 737');
INSERT INTO Flights VALUES (DEFAULT, 'Seoul', 'Copenhagen', '2021-06-15', '08:00', 'Boeing 737');
INSERT INTO Flights VALUES (DEFAULT, 'Seoul', 'Johannesburg', '2021-06-15', '08:00', 'Boeing 737');
INSERT INTO Flights VALUES (DEFAULT, 'Seoul', 'Los Angeles', '2021-06-15', '08:00', 'Boeing 737');
INSERT INTO Flights VALUES (DEFAULT, 'Seoul', 'New York City', '2021-06-15', '08:00', 'Boeing 737');
INSERT INTO Flights VALUES (DEFAULT, 'Seoul', 'Buenos Aires', '2021-06-15', '08:00', 'Boeing 737');
INSERT INTO Flights VALUES (DEFAULT, 'Seoul', 'Tokyo', '2021-06-15', '08:00', 'Boeing 737');
INSERT INTO Flights VALUES (DEFAULT, 'Seoul', 'Shanghai', '2021-06-15', '13:00', 'Airbus A320');
INSERT INTO Flights VALUES (DEFAULT, 'Seoul', 'Singapore', '2021-06-15', '13:00', 'Airbus A320');
INSERT INTO Flights VALUES (DEFAULT, 'Seoul', 'Phuket', '2021-06-15', '13:00', 'Airbus A320');
INSERT INTO Flights VALUES (DEFAULT, 'Seoul', 'Abu Dhabi', '2021-06-15', '13:00', 'Airbus A320');
INSERT INTO Flights VALUES (DEFAULT, 'Seoul', 'Brussels', '2021-06-15', '13:00', 'Airbus A320');
INSERT INTO Flights VALUES (DEFAULT, 'Seoul', 'Paris', '2021-06-15', '13:00', 'Airbus A320');
INSERT INTO Flights VALUES (DEFAULT, 'Seoul', 'Ibiza', '2021-06-15', '13:00', 'Airbus A320');
INSERT INTO Flights VALUES (DEFAULT, 'Seoul', 'Athens', '2021-06-15', '13:00', 'Airbus A320');
INSERT INTO Flights VALUES (DEFAULT, 'Seoul', 'Rome', '2021-06-15', '13:00', 'Airbus A320');
INSERT INTO Flights VALUES (DEFAULT, 'Seoul', 'Moscow', '2021-06-15', '13:00', 'Airbus A320');
INSERT INTO Flights VALUES (DEFAULT, 'Seoul', 'Helsinki', '2021-06-15', '13:00', 'Airbus A320');
INSERT INTO Flights VALUES (DEFAULT, 'Seoul', 'Gothenburg', '2021-09-09', '20:45', 'Boeing 737');
INSERT INTO Flights VALUES (DEFAULT, 'Seoul', 'London', '2021-09-09', '20:45', 'Boeing 737');
INSERT INTO Flights VALUES (DEFAULT, 'Seoul', 'Stockholm', '2021-09-09', '20:45', 'Boeing 737');
INSERT INTO Flights VALUES (DEFAULT, 'Seoul', 'Berlin', '2021-09-09', '20:45', 'Boeing 737');
INSERT INTO Flights VALUES (DEFAULT, 'Seoul', 'Copenhagen', '2021-09-09', '20:45', 'Boeing 737');
INSERT INTO Flights VALUES (DEFAULT, 'Seoul', 'Johannesburg', '2021-09-09', '20:45', 'Boeing 737');
INSERT INTO Flights VALUES (DEFAULT, 'Seoul', 'Los Angeles', '2021-09-09', '20:45', 'Boeing 737');
INSERT INTO Flights VALUES (DEFAULT, 'Seoul', 'New York City', '2021-09-09', '20:45', 'Boeing 737');
INSERT INTO Flights VALUES (DEFAULT, 'Seoul', 'Buenos Aires', '2021-09-09', '20:45', 'Boeing 737');
INSERT INTO Flights VALUES (DEFAULT, 'Seoul', 'Tokyo', '2021-09-09', '20:45', 'Boeing 737');
INSERT INTO Flights VALUES (DEFAULT, 'Seoul', 'Shanghai', '2021-09-09', '13:37', 'Airbus A320');
INSERT INTO Flights VALUES (DEFAULT, 'Seoul', 'Singapore', '2021-09-09', '13:37', 'Airbus A320');
INSERT INTO Flights VALUES (DEFAULT, 'Seoul', 'Phuket', '2021-09-09', '13:37', 'Airbus A320');
INSERT INTO Flights VALUES (DEFAULT, 'Seoul', 'Abu Dhabi', '2021-09-09', '13:37', 'Airbus A320');
INSERT INTO Flights VALUES (DEFAULT, 'Seoul', 'Brussels', '2021-09-09', '13:37', 'Airbus A320');
INSERT INTO Flights VALUES (DEFAULT, 'Seoul', 'Paris', '2021-09-09', '13:37', 'Airbus A320');
INSERT INTO Flights VALUES (DEFAULT, 'Seoul', 'Ibiza', '2021-09-09', '13:37', 'Airbus A320');
INSERT INTO Flights VALUES (DEFAULT, 'Seoul', 'Athens', '2021-09-09', '13:37', 'Airbus A320');
INSERT INTO Flights VALUES (DEFAULT, 'Seoul', 'Rome', '2021-09-09', '13:37', 'Airbus A320');
INSERT INTO Flights VALUES (DEFAULT, 'Seoul', 'Moscow', '2021-09-09', '13:37', 'Airbus A320');
INSERT INTO Flights VALUES (DEFAULT, 'Seoul', 'Helsinki', '2021-09-09', '13:37', 'Airbus A320');

INSERT INTO Flights VALUES (DEFAULT, 'Singapore', 'Gothenburg', '2021-04-19', '14:00', 'Boeing 737');
INSERT INTO Flights VALUES (DEFAULT, 'Singapore', 'London', '2021-04-19', '14:00', 'Boeing 737');
INSERT INTO Flights VALUES (DEFAULT, 'Singapore', 'Stockholm', '2021-04-19', '14:00', 'Boeing 737');
INSERT INTO Flights VALUES (DEFAULT, 'Singapore', 'Berlin', '2021-04-19', '14:00', 'Boeing 737');
INSERT INTO Flights VALUES (DEFAULT, 'Singapore', 'Copenhagen', '2021-04-19', '14:00', 'Boeing 737');
INSERT INTO Flights VALUES (DEFAULT, 'Singapore', 'Johannesburg', '2021-04-19', '14:00', 'Boeing 737');
INSERT INTO Flights VALUES (DEFAULT, 'Singapore', 'Los Angeles', '2021-04-19', '14:00', 'Boeing 737');
INSERT INTO Flights VALUES (DEFAULT, 'Singapore', 'New York City', '2021-04-19', '14:00', 'Boeing 737');
INSERT INTO Flights VALUES (DEFAULT, 'Singapore', 'Buenos Aires', '2021-04-19', '14:00', 'Boeing 737');
INSERT INTO Flights VALUES (DEFAULT, 'Singapore', 'Tokyo', '2021-04-19', '14:00', 'Boeing 737');
INSERT INTO Flights VALUES (DEFAULT, 'Singapore', 'Shanghai', '2021-04-19', '17:30', 'Airbus A320');
INSERT INTO Flights VALUES (DEFAULT, 'Singapore', 'Seoul', '2021-04-19', '17:30', 'Airbus A320');
INSERT INTO Flights VALUES (DEFAULT, 'Singapore', 'Phuket', '2021-04-19', '17:30', 'Airbus A320');
INSERT INTO Flights VALUES (DEFAULT, 'Singapore', 'Abu Dhabi', '2021-04-19', '17:30', 'Airbus A320');
INSERT INTO Flights VALUES (DEFAULT, 'Singapore', 'Brussels', '2021-04-19', '17:30', 'Airbus A320');
INSERT INTO Flights VALUES (DEFAULT, 'Singapore', 'Paris', '2021-04-19', '17:30', 'Airbus A320');
INSERT INTO Flights VALUES (DEFAULT, 'Singapore', 'Ibiza', '2021-04-19', '17:30', 'Airbus A320');
INSERT INTO Flights VALUES (DEFAULT, 'Singapore', 'Athens', '2021-04-19', '17:30', 'Airbus A320');
INSERT INTO Flights VALUES (DEFAULT, 'Singapore', 'Rome', '2021-04-19', '17:30', 'Airbus A320');
INSERT INTO Flights VALUES (DEFAULT, 'Singapore', 'Moscow', '2021-04-19', '17:30', 'Airbus A320');
INSERT INTO Flights VALUES (DEFAULT, 'Singapore', 'Helsinki', '2021-04-19', '17:30', 'Airbus A320');
INSERT INTO Flights VALUES (DEFAULT, 'Singapore', 'Gothenburg', '2021-06-15', '08:00', 'Boeing 737');
INSERT INTO Flights VALUES (DEFAULT, 'Singapore', 'London', '2021-06-15', '08:00', 'Boeing 737');
INSERT INTO Flights VALUES (DEFAULT, 'Singapore', 'Stockholm', '2021-06-15', '08:00', 'Boeing 737');
INSERT INTO Flights VALUES (DEFAULT, 'Singapore', 'Berlin', '2021-06-15', '08:00', 'Boeing 737');
INSERT INTO Flights VALUES (DEFAULT, 'Singapore', 'Copenhagen', '2021-06-15', '08:00', 'Boeing 737');
INSERT INTO Flights VALUES (DEFAULT, 'Singapore', 'Johannesburg', '2021-06-15', '08:00', 'Boeing 737');
INSERT INTO Flights VALUES (DEFAULT, 'Singapore', 'Los Angeles', '2021-06-15', '08:00', 'Boeing 737');
INSERT INTO Flights VALUES (DEFAULT, 'Singapore', 'New York City', '2021-06-15', '08:00', 'Boeing 737');
INSERT INTO Flights VALUES (DEFAULT, 'Singapore', 'Buenos Aires', '2021-06-15', '08:00', 'Boeing 737');
INSERT INTO Flights VALUES (DEFAULT, 'Singapore', 'Tokyo', '2021-06-15', '08:00', 'Boeing 737');
INSERT INTO Flights VALUES (DEFAULT, 'Singapore', 'Shanghai', '2021-06-15', '13:00', 'Airbus A320');
INSERT INTO Flights VALUES (DEFAULT, 'Singapore', 'Seoul', '2021-06-15', '13:00', 'Airbus A320');
INSERT INTO Flights VALUES (DEFAULT, 'Singapore', 'Phuket', '2021-06-15', '13:00', 'Airbus A320');
INSERT INTO Flights VALUES (DEFAULT, 'Singapore', 'Abu Dhabi', '2021-06-15', '13:00', 'Airbus A320');
INSERT INTO Flights VALUES (DEFAULT, 'Singapore', 'Brussels', '2021-06-15', '13:00', 'Airbus A320');
INSERT INTO Flights VALUES (DEFAULT, 'Singapore', 'Paris', '2021-06-15', '13:00', 'Airbus A320');
INSERT INTO Flights VALUES (DEFAULT, 'Singapore', 'Ibiza', '2021-06-15', '13:00', 'Airbus A320');
INSERT INTO Flights VALUES (DEFAULT, 'Singapore', 'Athens', '2021-06-15', '13:00', 'Airbus A320');
INSERT INTO Flights VALUES (DEFAULT, 'Singapore', 'Rome', '2021-06-15', '13:00', 'Airbus A320');
INSERT INTO Flights VALUES (DEFAULT, 'Singapore', 'Moscow', '2021-06-15', '13:00', 'Airbus A320');
INSERT INTO Flights VALUES (DEFAULT, 'Singapore', 'Helsinki', '2021-06-15', '13:00', 'Airbus A320');
INSERT INTO Flights VALUES (DEFAULT, 'Singapore', 'Gothenburg', '2021-09-09', '20:45', 'Boeing 737');
INSERT INTO Flights VALUES (DEFAULT, 'Singapore', 'London', '2021-09-09', '20:45', 'Boeing 737');
INSERT INTO Flights VALUES (DEFAULT, 'Singapore', 'Stockholm', '2021-09-09', '20:45', 'Boeing 737');
INSERT INTO Flights VALUES (DEFAULT, 'Singapore', 'Berlin', '2021-09-09', '20:45', 'Boeing 737');
INSERT INTO Flights VALUES (DEFAULT, 'Singapore', 'Copenhagen', '2021-09-09', '20:45', 'Boeing 737');
INSERT INTO Flights VALUES (DEFAULT, 'Singapore', 'Johannesburg', '2021-09-09', '20:45', 'Boeing 737');
INSERT INTO Flights VALUES (DEFAULT, 'Singapore', 'Los Angeles', '2021-09-09', '20:45', 'Boeing 737');
INSERT INTO Flights VALUES (DEFAULT, 'Singapore', 'New York City', '2021-09-09', '20:45', 'Boeing 737');
INSERT INTO Flights VALUES (DEFAULT, 'Singapore', 'Buenos Aires', '2021-09-09', '20:45', 'Boeing 737');
INSERT INTO Flights VALUES (DEFAULT, 'Singapore', 'Tokyo', '2021-09-09', '20:45', 'Boeing 737');
INSERT INTO Flights VALUES (DEFAULT, 'Singapore', 'Shanghai', '2021-09-09', '13:37', 'Airbus A320');
INSERT INTO Flights VALUES (DEFAULT, 'Singapore', 'Seoul', '2021-09-09', '13:37', 'Airbus A320');
INSERT INTO Flights VALUES (DEFAULT, 'Singapore', 'Phuket', '2021-09-09', '13:37', 'Airbus A320');
INSERT INTO Flights VALUES (DEFAULT, 'Singapore', 'Abu Dhabi', '2021-09-09', '13:37', 'Airbus A320');
INSERT INTO Flights VALUES (DEFAULT, 'Singapore', 'Brussels', '2021-09-09', '13:37', 'Airbus A320');
INSERT INTO Flights VALUES (DEFAULT, 'Singapore', 'Paris', '2021-09-09', '13:37', 'Airbus A320');
INSERT INTO Flights VALUES (DEFAULT, 'Singapore', 'Ibiza', '2021-09-09', '13:37', 'Airbus A320');
INSERT INTO Flights VALUES (DEFAULT, 'Singapore', 'Athens', '2021-09-09', '13:37', 'Airbus A320');
INSERT INTO Flights VALUES (DEFAULT, 'Singapore', 'Rome', '2021-09-09', '13:37', 'Airbus A320');
INSERT INTO Flights VALUES (DEFAULT, 'Singapore', 'Moscow', '2021-09-09', '13:37', 'Airbus A320');
INSERT INTO Flights VALUES (DEFAULT, 'Singapore', 'Helsinki', '2021-09-09', '13:37', 'Airbus A320');

INSERT INTO Flights VALUES (DEFAULT, 'Phuket', 'Gothenburg', '2021-04-19', '14:00', 'Boeing 737');
INSERT INTO Flights VALUES (DEFAULT, 'Phuket', 'London', '2021-04-19', '14:00', 'Boeing 737');
INSERT INTO Flights VALUES (DEFAULT, 'Phuket', 'Stockholm', '2021-04-19', '14:00', 'Boeing 737');
INSERT INTO Flights VALUES (DEFAULT, 'Phuket', 'Berlin', '2021-04-19', '14:00', 'Boeing 737');
INSERT INTO Flights VALUES (DEFAULT, 'Phuket', 'Copenhagen', '2021-04-19', '14:00', 'Boeing 737');
INSERT INTO Flights VALUES (DEFAULT, 'Phuket', 'Johannesburg', '2021-04-19', '14:00', 'Boeing 737');
INSERT INTO Flights VALUES (DEFAULT, 'Phuket', 'Los Angeles', '2021-04-19', '14:00', 'Boeing 737');
INSERT INTO Flights VALUES (DEFAULT, 'Phuket', 'New York City', '2021-04-19', '14:00', 'Boeing 737');
INSERT INTO Flights VALUES (DEFAULT, 'Phuket', 'Buenos Aires', '2021-04-19', '14:00', 'Boeing 737');
INSERT INTO Flights VALUES (DEFAULT, 'Phuket', 'Tokyo', '2021-04-19', '14:00', 'Boeing 737');
INSERT INTO Flights VALUES (DEFAULT, 'Phuket', 'Shanghai', '2021-04-19', '17:30', 'Airbus A320');
INSERT INTO Flights VALUES (DEFAULT, 'Phuket', 'Seoul', '2021-04-19', '17:30', 'Airbus A320');
INSERT INTO Flights VALUES (DEFAULT, 'Phuket', 'Singapore', '2021-04-19', '17:30', 'Airbus A320');
INSERT INTO Flights VALUES (DEFAULT, 'Phuket', 'Abu Dhabi', '2021-04-19', '17:30', 'Airbus A320');
INSERT INTO Flights VALUES (DEFAULT, 'Phuket', 'Brussels', '2021-04-19', '17:30', 'Airbus A320');
INSERT INTO Flights VALUES (DEFAULT, 'Phuket', 'Paris', '2021-04-19', '17:30', 'Airbus A320');
INSERT INTO Flights VALUES (DEFAULT, 'Phuket', 'Ibiza', '2021-04-19', '17:30', 'Airbus A320');
INSERT INTO Flights VALUES (DEFAULT, 'Phuket', 'Athens', '2021-04-19', '17:30', 'Airbus A320');
INSERT INTO Flights VALUES (DEFAULT, 'Phuket', 'Rome', '2021-04-19', '17:30', 'Airbus A320');
INSERT INTO Flights VALUES (DEFAULT, 'Phuket', 'Moscow', '2021-04-19', '17:30', 'Airbus A320');
INSERT INTO Flights VALUES (DEFAULT, 'Phuket', 'Helsinki', '2021-04-19', '17:30', 'Airbus A320');
INSERT INTO Flights VALUES (DEFAULT, 'Phuket', 'Gothenburg', '2021-06-15', '08:00', 'Boeing 737');
INSERT INTO Flights VALUES (DEFAULT, 'Phuket', 'London', '2021-06-15', '08:00', 'Boeing 737');
INSERT INTO Flights VALUES (DEFAULT, 'Phuket', 'Stockholm', '2021-06-15', '08:00', 'Boeing 737');
INSERT INTO Flights VALUES (DEFAULT, 'Phuket', 'Berlin', '2021-06-15', '08:00', 'Boeing 737');
INSERT INTO Flights VALUES (DEFAULT, 'Phuket', 'Copenhagen', '2021-06-15', '08:00', 'Boeing 737');
INSERT INTO Flights VALUES (DEFAULT, 'Phuket', 'Johannesburg', '2021-06-15', '08:00', 'Boeing 737');
INSERT INTO Flights VALUES (DEFAULT, 'Phuket', 'Los Angeles', '2021-06-15', '08:00', 'Boeing 737');
INSERT INTO Flights VALUES (DEFAULT, 'Phuket', 'New York City', '2021-06-15', '08:00', 'Boeing 737');
INSERT INTO Flights VALUES (DEFAULT, 'Phuket', 'Buenos Aires', '2021-06-15', '08:00', 'Boeing 737');
INSERT INTO Flights VALUES (DEFAULT, 'Phuket', 'Tokyo', '2021-06-15', '08:00', 'Boeing 737');
INSERT INTO Flights VALUES (DEFAULT, 'Phuket', 'Shanghai', '2021-06-15', '13:00', 'Airbus A320');
INSERT INTO Flights VALUES (DEFAULT, 'Phuket', 'Seoul', '2021-06-15', '13:00', 'Airbus A320');
INSERT INTO Flights VALUES (DEFAULT, 'Phuket', 'Singapore', '2021-06-15', '13:00', 'Airbus A320');
INSERT INTO Flights VALUES (DEFAULT, 'Phuket', 'Abu Dhabi', '2021-06-15', '13:00', 'Airbus A320');
INSERT INTO Flights VALUES (DEFAULT, 'Phuket', 'Brussels', '2021-06-15', '13:00', 'Airbus A320');
INSERT INTO Flights VALUES (DEFAULT, 'Phuket', 'Paris', '2021-06-15', '13:00', 'Airbus A320');
INSERT INTO Flights VALUES (DEFAULT, 'Phuket', 'Ibiza', '2021-06-15', '13:00', 'Airbus A320');
INSERT INTO Flights VALUES (DEFAULT, 'Phuket', 'Athens', '2021-06-15', '13:00', 'Airbus A320');
INSERT INTO Flights VALUES (DEFAULT, 'Phuket', 'Rome', '2021-06-15', '13:00', 'Airbus A320');
INSERT INTO Flights VALUES (DEFAULT, 'Phuket', 'Moscow', '2021-06-15', '13:00', 'Airbus A320');
INSERT INTO Flights VALUES (DEFAULT, 'Phuket', 'Helsinki', '2021-06-15', '13:00', 'Airbus A320');
INSERT INTO Flights VALUES (DEFAULT, 'Phuket', 'Gothenburg', '2021-09-09', '20:45', 'Boeing 737');
INSERT INTO Flights VALUES (DEFAULT, 'Phuket', 'London', '2021-09-09', '20:45', 'Boeing 737');
INSERT INTO Flights VALUES (DEFAULT, 'Phuket', 'Stockholm', '2021-09-09', '20:45', 'Boeing 737');
INSERT INTO Flights VALUES (DEFAULT, 'Phuket', 'Berlin', '2021-09-09', '20:45', 'Boeing 737');
INSERT INTO Flights VALUES (DEFAULT, 'Phuket', 'Copenhagen', '2021-09-09', '20:45', 'Boeing 737');
INSERT INTO Flights VALUES (DEFAULT, 'Phuket', 'Johannesburg', '2021-09-09', '20:45', 'Boeing 737');
INSERT INTO Flights VALUES (DEFAULT, 'Phuket', 'Los Angeles', '2021-09-09', '20:45', 'Boeing 737');
INSERT INTO Flights VALUES (DEFAULT, 'Phuket', 'New York City', '2021-09-09', '20:45', 'Boeing 737');
INSERT INTO Flights VALUES (DEFAULT, 'Phuket', 'Buenos Aires', '2021-09-09', '20:45', 'Boeing 737');
INSERT INTO Flights VALUES (DEFAULT, 'Phuket', 'Tokyo', '2021-09-09', '20:45', 'Boeing 737');
INSERT INTO Flights VALUES (DEFAULT, 'Phuket', 'Shanghai', '2021-09-09', '13:37', 'Airbus A320');
INSERT INTO Flights VALUES (DEFAULT, 'Phuket', 'Seoul', '2021-09-09', '13:37', 'Airbus A320');
INSERT INTO Flights VALUES (DEFAULT, 'Phuket', 'Singapore', '2021-09-09', '13:37', 'Airbus A320');
INSERT INTO Flights VALUES (DEFAULT, 'Phuket', 'Abu Dhabi', '2021-09-09', '13:37', 'Airbus A320');
INSERT INTO Flights VALUES (DEFAULT, 'Phuket', 'Brussels', '2021-09-09', '13:37', 'Airbus A320');
INSERT INTO Flights VALUES (DEFAULT, 'Phuket', 'Paris', '2021-09-09', '13:37', 'Airbus A320');
INSERT INTO Flights VALUES (DEFAULT, 'Phuket', 'Ibiza', '2021-09-09', '13:37', 'Airbus A320');
INSERT INTO Flights VALUES (DEFAULT, 'Phuket', 'Athens', '2021-09-09', '13:37', 'Airbus A320');
INSERT INTO Flights VALUES (DEFAULT, 'Phuket', 'Rome', '2021-09-09', '13:37', 'Airbus A320');
INSERT INTO Flights VALUES (DEFAULT, 'Phuket', 'Moscow', '2021-09-09', '13:37', 'Airbus A320');
INSERT INTO Flights VALUES (DEFAULT, 'Phuket', 'Helsinki', '2021-09-09', '13:37', 'Airbus A320');

INSERT INTO Flights VALUES (DEFAULT, 'Abu Dhabi', 'Gothenburg', '2021-04-19', '14:00', 'Boeing 737');
INSERT INTO Flights VALUES (DEFAULT, 'Abu Dhabi', 'London', '2021-04-19', '14:00', 'Boeing 737');
INSERT INTO Flights VALUES (DEFAULT, 'Abu Dhabi', 'Stockholm', '2021-04-19', '14:00', 'Boeing 737');
INSERT INTO Flights VALUES (DEFAULT, 'Abu Dhabi', 'Berlin', '2021-04-19', '14:00', 'Boeing 737');
INSERT INTO Flights VALUES (DEFAULT, 'Abu Dhabi', 'Copenhagen', '2021-04-19', '14:00', 'Boeing 737');
INSERT INTO Flights VALUES (DEFAULT, 'Abu Dhabi', 'Johannesburg', '2021-04-19', '14:00', 'Boeing 737');
INSERT INTO Flights VALUES (DEFAULT, 'Abu Dhabi', 'Los Angeles', '2021-04-19', '14:00', 'Boeing 737');
INSERT INTO Flights VALUES (DEFAULT, 'Abu Dhabi', 'New York City', '2021-04-19', '14:00', 'Boeing 737');
INSERT INTO Flights VALUES (DEFAULT, 'Abu Dhabi', 'Buenos Aires', '2021-04-19', '14:00', 'Boeing 737');
INSERT INTO Flights VALUES (DEFAULT, 'Abu Dhabi', 'Tokyo', '2021-04-19', '14:00', 'Boeing 737');
INSERT INTO Flights VALUES (DEFAULT, 'Abu Dhabi', 'Shanghai', '2021-04-19', '17:30', 'Airbus A320');
INSERT INTO Flights VALUES (DEFAULT, 'Abu Dhabi', 'Seoul', '2021-04-19', '17:30', 'Airbus A320');
INSERT INTO Flights VALUES (DEFAULT, 'Abu Dhabi', 'Singapore', '2021-04-19', '17:30', 'Airbus A320');
INSERT INTO Flights VALUES (DEFAULT, 'Abu Dhabi', 'Phuket', '2021-04-19', '17:30', 'Airbus A320');
INSERT INTO Flights VALUES (DEFAULT, 'Abu Dhabi', 'Brussels', '2021-04-19', '17:30', 'Airbus A320');
INSERT INTO Flights VALUES (DEFAULT, 'Abu Dhabi', 'Paris', '2021-04-19', '17:30', 'Airbus A320');
INSERT INTO Flights VALUES (DEFAULT, 'Abu Dhabi', 'Ibiza', '2021-04-19', '17:30', 'Airbus A320');
INSERT INTO Flights VALUES (DEFAULT, 'Abu Dhabi', 'Athens', '2021-04-19', '17:30', 'Airbus A320');
INSERT INTO Flights VALUES (DEFAULT, 'Abu Dhabi', 'Rome', '2021-04-19', '17:30', 'Airbus A320');
INSERT INTO Flights VALUES (DEFAULT, 'Abu Dhabi', 'Moscow', '2021-04-19', '17:30', 'Airbus A320');
INSERT INTO Flights VALUES (DEFAULT, 'Abu Dhabi', 'Helsinki', '2021-04-19', '17:30', 'Airbus A320');
INSERT INTO Flights VALUES (DEFAULT, 'Abu Dhabi', 'Gothenburg', '2021-06-15', '08:00', 'Boeing 737');
INSERT INTO Flights VALUES (DEFAULT, 'Abu Dhabi', 'London', '2021-06-15', '08:00', 'Boeing 737');
INSERT INTO Flights VALUES (DEFAULT, 'Abu Dhabi', 'Stockholm', '2021-06-15', '08:00', 'Boeing 737');
INSERT INTO Flights VALUES (DEFAULT, 'Abu Dhabi', 'Berlin', '2021-06-15', '08:00', 'Boeing 737');
INSERT INTO Flights VALUES (DEFAULT, 'Abu Dhabi', 'Copenhagen', '2021-06-15', '08:00', 'Boeing 737');
INSERT INTO Flights VALUES (DEFAULT, 'Abu Dhabi', 'Johannesburg', '2021-06-15', '08:00', 'Boeing 737');
INSERT INTO Flights VALUES (DEFAULT, 'Abu Dhabi', 'Los Angeles', '2021-06-15', '08:00', 'Boeing 737');
INSERT INTO Flights VALUES (DEFAULT, 'Abu Dhabi', 'New York City', '2021-06-15', '08:00', 'Boeing 737');
INSERT INTO Flights VALUES (DEFAULT, 'Abu Dhabi', 'Buenos Aires', '2021-06-15', '08:00', 'Boeing 737');
INSERT INTO Flights VALUES (DEFAULT, 'Abu Dhabi', 'Tokyo', '2021-06-15', '08:00', 'Boeing 737');
INSERT INTO Flights VALUES (DEFAULT, 'Abu Dhabi', 'Shanghai', '2021-06-15', '13:00', 'Airbus A320');
INSERT INTO Flights VALUES (DEFAULT, 'Abu Dhabi', 'Seoul', '2021-06-15', '13:00', 'Airbus A320');
INSERT INTO Flights VALUES (DEFAULT, 'Abu Dhabi', 'Singapore', '2021-06-15', '13:00', 'Airbus A320');
INSERT INTO Flights VALUES (DEFAULT, 'Abu Dhabi', 'Phuket', '2021-06-15', '13:00', 'Airbus A320');
INSERT INTO Flights VALUES (DEFAULT, 'Abu Dhabi', 'Brussels', '2021-06-15', '13:00', 'Airbus A320');
INSERT INTO Flights VALUES (DEFAULT, 'Abu Dhabi', 'Paris', '2021-06-15', '13:00', 'Airbus A320');
INSERT INTO Flights VALUES (DEFAULT, 'Abu Dhabi', 'Ibiza', '2021-06-15', '13:00', 'Airbus A320');
INSERT INTO Flights VALUES (DEFAULT, 'Abu Dhabi', 'Athens', '2021-06-15', '13:00', 'Airbus A320');
INSERT INTO Flights VALUES (DEFAULT, 'Abu Dhabi', 'Rome', '2021-06-15', '13:00', 'Airbus A320');
INSERT INTO Flights VALUES (DEFAULT, 'Abu Dhabi', 'Moscow', '2021-06-15', '13:00', 'Airbus A320');
INSERT INTO Flights VALUES (DEFAULT, 'Abu Dhabi', 'Helsinki', '2021-06-15', '13:00', 'Airbus A320');
INSERT INTO Flights VALUES (DEFAULT, 'Abu Dhabi', 'Gothenburg', '2021-09-09', '20:45', 'Boeing 737');
INSERT INTO Flights VALUES (DEFAULT, 'Abu Dhabi', 'London', '2021-09-09', '20:45', 'Boeing 737');
INSERT INTO Flights VALUES (DEFAULT, 'Abu Dhabi', 'Stockholm', '2021-09-09', '20:45', 'Boeing 737');
INSERT INTO Flights VALUES (DEFAULT, 'Abu Dhabi', 'Berlin', '2021-09-09', '20:45', 'Boeing 737');
INSERT INTO Flights VALUES (DEFAULT, 'Abu Dhabi', 'Copenhagen', '2021-09-09', '20:45', 'Boeing 737');
INSERT INTO Flights VALUES (DEFAULT, 'Abu Dhabi', 'Johannesburg', '2021-09-09', '20:45', 'Boeing 737');
INSERT INTO Flights VALUES (DEFAULT, 'Abu Dhabi', 'Los Angeles', '2021-09-09', '20:45', 'Boeing 737');
INSERT INTO Flights VALUES (DEFAULT, 'Abu Dhabi', 'New York City', '2021-09-09', '20:45', 'Boeing 737');
INSERT INTO Flights VALUES (DEFAULT, 'Abu Dhabi', 'Buenos Aires', '2021-09-09', '20:45', 'Boeing 737');
INSERT INTO Flights VALUES (DEFAULT, 'Abu Dhabi', 'Tokyo', '2021-09-09', '20:45', 'Boeing 737');
INSERT INTO Flights VALUES (DEFAULT, 'Abu Dhabi', 'Shanghai', '2021-09-09', '13:37', 'Airbus A320');
INSERT INTO Flights VALUES (DEFAULT, 'Abu Dhabi', 'Seoul', '2021-09-09', '13:37', 'Airbus A320');
INSERT INTO Flights VALUES (DEFAULT, 'Abu Dhabi', 'Singapore', '2021-09-09', '13:37', 'Airbus A320');
INSERT INTO Flights VALUES (DEFAULT, 'Abu Dhabi', 'Phuket', '2021-09-09', '13:37', 'Airbus A320');
INSERT INTO Flights VALUES (DEFAULT, 'Abu Dhabi', 'Brussels', '2021-09-09', '13:37', 'Airbus A320');
INSERT INTO Flights VALUES (DEFAULT, 'Abu Dhabi', 'Paris', '2021-09-09', '13:37', 'Airbus A320');
INSERT INTO Flights VALUES (DEFAULT, 'Abu Dhabi', 'Ibiza', '2021-09-09', '13:37', 'Airbus A320');
INSERT INTO Flights VALUES (DEFAULT, 'Abu Dhabi', 'Athens', '2021-09-09', '13:37', 'Airbus A320');
INSERT INTO Flights VALUES (DEFAULT, 'Abu Dhabi', 'Rome', '2021-09-09', '13:37', 'Airbus A320');
INSERT INTO Flights VALUES (DEFAULT, 'Abu Dhabi', 'Moscow', '2021-09-09', '13:37', 'Airbus A320');
INSERT INTO Flights VALUES (DEFAULT, 'Abu Dhabi', 'Helsinki', '2021-09-09', '13:37', 'Airbus A320');

INSERT INTO Flights VALUES (DEFAULT, 'Brussels', 'Gothenburg', '2021-04-19', '14:00', 'Boeing 737');
INSERT INTO Flights VALUES (DEFAULT, 'Brussels', 'London', '2021-04-19', '14:00', 'Boeing 737');
INSERT INTO Flights VALUES (DEFAULT, 'Brussels', 'Stockholm', '2021-04-19', '14:00', 'Boeing 737');
INSERT INTO Flights VALUES (DEFAULT, 'Brussels', 'Berlin', '2021-04-19', '14:00', 'Boeing 737');
INSERT INTO Flights VALUES (DEFAULT, 'Brussels', 'Copenhagen', '2021-04-19', '14:00', 'Boeing 737');
INSERT INTO Flights VALUES (DEFAULT, 'Brussels', 'Johannesburg', '2021-04-19', '14:00', 'Boeing 737');
INSERT INTO Flights VALUES (DEFAULT, 'Brussels', 'Los Angeles', '2021-04-19', '14:00', 'Boeing 737');
INSERT INTO Flights VALUES (DEFAULT, 'Brussels', 'New York City', '2021-04-19', '14:00', 'Boeing 737');
INSERT INTO Flights VALUES (DEFAULT, 'Brussels', 'Buenos Aires', '2021-04-19', '14:00', 'Boeing 737');
INSERT INTO Flights VALUES (DEFAULT, 'Brussels', 'Tokyo', '2021-04-19', '14:00', 'Boeing 737');
INSERT INTO Flights VALUES (DEFAULT, 'Brussels', 'Shanghai', '2021-04-19', '17:30', 'Airbus A320');
INSERT INTO Flights VALUES (DEFAULT, 'Brussels', 'Seoul', '2021-04-19', '17:30', 'Airbus A320');
INSERT INTO Flights VALUES (DEFAULT, 'Brussels', 'Singapore', '2021-04-19', '17:30', 'Airbus A320');
INSERT INTO Flights VALUES (DEFAULT, 'Brussels', 'Phuket', '2021-04-19', '17:30', 'Airbus A320');
INSERT INTO Flights VALUES (DEFAULT, 'Brussels', 'Abu Dhabi', '2021-04-19', '17:30', 'Airbus A320');
INSERT INTO Flights VALUES (DEFAULT, 'Brussels', 'Paris', '2021-04-19', '17:30', 'Airbus A320');
INSERT INTO Flights VALUES (DEFAULT, 'Brussels', 'Ibiza', '2021-04-19', '17:30', 'Airbus A320');
INSERT INTO Flights VALUES (DEFAULT, 'Brussels', 'Athens', '2021-04-19', '17:30', 'Airbus A320');
INSERT INTO Flights VALUES (DEFAULT, 'Brussels', 'Rome', '2021-04-19', '17:30', 'Airbus A320');
INSERT INTO Flights VALUES (DEFAULT, 'Brussels', 'Moscow', '2021-04-19', '17:30', 'Airbus A320');
INSERT INTO Flights VALUES (DEFAULT, 'Brussels', 'Helsinki', '2021-04-19', '17:30', 'Airbus A320');
INSERT INTO Flights VALUES (DEFAULT, 'Brussels', 'Gothenburg', '2021-06-15', '08:00', 'Boeing 737');
INSERT INTO Flights VALUES (DEFAULT, 'Brussels', 'London', '2021-06-15', '08:00', 'Boeing 737');
INSERT INTO Flights VALUES (DEFAULT, 'Brussels', 'Stockholm', '2021-06-15', '08:00', 'Boeing 737');
INSERT INTO Flights VALUES (DEFAULT, 'Brussels', 'Berlin', '2021-06-15', '08:00', 'Boeing 737');
INSERT INTO Flights VALUES (DEFAULT, 'Brussels', 'Copenhagen', '2021-06-15', '08:00', 'Boeing 737');
INSERT INTO Flights VALUES (DEFAULT, 'Brussels', 'Johannesburg', '2021-06-15', '08:00', 'Boeing 737');
INSERT INTO Flights VALUES (DEFAULT, 'Brussels', 'Los Angeles', '2021-06-15', '08:00', 'Boeing 737');
INSERT INTO Flights VALUES (DEFAULT, 'Brussels', 'New York City', '2021-06-15', '08:00', 'Boeing 737');
INSERT INTO Flights VALUES (DEFAULT, 'Brussels', 'Buenos Aires', '2021-06-15', '08:00', 'Boeing 737');
INSERT INTO Flights VALUES (DEFAULT, 'Brussels', 'Tokyo', '2021-06-15', '08:00', 'Boeing 737');
INSERT INTO Flights VALUES (DEFAULT, 'Brussels', 'Shanghai', '2021-06-15', '13:00', 'Airbus A320');
INSERT INTO Flights VALUES (DEFAULT, 'Brussels', 'Seoul', '2021-06-15', '13:00', 'Airbus A320');
INSERT INTO Flights VALUES (DEFAULT, 'Brussels', 'Singapore', '2021-06-15', '13:00', 'Airbus A320');
INSERT INTO Flights VALUES (DEFAULT, 'Brussels', 'Phuket', '2021-06-15', '13:00', 'Airbus A320');
INSERT INTO Flights VALUES (DEFAULT, 'Brussels', 'Abu Dhabi', '2021-06-15', '13:00', 'Airbus A320');
INSERT INTO Flights VALUES (DEFAULT, 'Brussels', 'Paris', '2021-06-15', '13:00', 'Airbus A320');
INSERT INTO Flights VALUES (DEFAULT, 'Brussels', 'Ibiza', '2021-06-15', '13:00', 'Airbus A320');
INSERT INTO Flights VALUES (DEFAULT, 'Brussels', 'Athens', '2021-06-15', '13:00', 'Airbus A320');
INSERT INTO Flights VALUES (DEFAULT, 'Brussels', 'Rome', '2021-06-15', '13:00', 'Airbus A320');
INSERT INTO Flights VALUES (DEFAULT, 'Brussels', 'Moscow', '2021-06-15', '13:00', 'Airbus A320');
INSERT INTO Flights VALUES (DEFAULT, 'Brussels', 'Helsinki', '2021-06-15', '13:00', 'Airbus A320');
INSERT INTO Flights VALUES (DEFAULT, 'Brussels', 'Gothenburg', '2021-09-09', '20:45', 'Boeing 737');
INSERT INTO Flights VALUES (DEFAULT, 'Brussels', 'London', '2021-09-09', '20:45', 'Boeing 737');
INSERT INTO Flights VALUES (DEFAULT, 'Brussels', 'Stockholm', '2021-09-09', '20:45', 'Boeing 737');
INSERT INTO Flights VALUES (DEFAULT, 'Brussels', 'Berlin', '2021-09-09', '20:45', 'Boeing 737');
INSERT INTO Flights VALUES (DEFAULT, 'Brussels', 'Copenhagen', '2021-09-09', '20:45', 'Boeing 737');
INSERT INTO Flights VALUES (DEFAULT, 'Brussels', 'Johannesburg', '2021-09-09', '20:45', 'Boeing 737');
INSERT INTO Flights VALUES (DEFAULT, 'Brussels', 'Los Angeles', '2021-09-09', '20:45', 'Boeing 737');
INSERT INTO Flights VALUES (DEFAULT, 'Brussels', 'New York City', '2021-09-09', '20:45', 'Boeing 737');
INSERT INTO Flights VALUES (DEFAULT, 'Brussels', 'Buenos Aires', '2021-09-09', '20:45', 'Boeing 737');
INSERT INTO Flights VALUES (DEFAULT, 'Brussels', 'Tokyo', '2021-09-09', '20:45', 'Boeing 737');
INSERT INTO Flights VALUES (DEFAULT, 'Brussels', 'Shanghai', '2021-09-09', '13:37', 'Airbus A320');
INSERT INTO Flights VALUES (DEFAULT, 'Brussels', 'Seoul', '2021-09-09', '13:37', 'Airbus A320');
INSERT INTO Flights VALUES (DEFAULT, 'Brussels', 'Singapore', '2021-09-09', '13:37', 'Airbus A320');
INSERT INTO Flights VALUES (DEFAULT, 'Brussels', 'Phuket', '2021-09-09', '13:37', 'Airbus A320');
INSERT INTO Flights VALUES (DEFAULT, 'Brussels', 'Abu Dhabi', '2021-09-09', '13:37', 'Airbus A320');
INSERT INTO Flights VALUES (DEFAULT, 'Brussels', 'Paris', '2021-09-09', '13:37', 'Airbus A320');
INSERT INTO Flights VALUES (DEFAULT, 'Brussels', 'Ibiza', '2021-09-09', '13:37', 'Airbus A320');
INSERT INTO Flights VALUES (DEFAULT, 'Brussels', 'Athens', '2021-09-09', '13:37', 'Airbus A320');
INSERT INTO Flights VALUES (DEFAULT, 'Brussels', 'Rome', '2021-09-09', '13:37', 'Airbus A320');
INSERT INTO Flights VALUES (DEFAULT, 'Brussels', 'Moscow', '2021-09-09', '13:37', 'Airbus A320');
INSERT INTO Flights VALUES (DEFAULT, 'Brussels', 'Helsinki', '2021-09-09', '13:37', 'Airbus A320');

INSERT INTO Flights VALUES (DEFAULT, 'Paris', 'Gothenburg', '2021-04-19', '14:00', 'Boeing 737');
INSERT INTO Flights VALUES (DEFAULT, 'Paris', 'London', '2021-04-19', '14:00', 'Boeing 737');
INSERT INTO Flights VALUES (DEFAULT, 'Paris', 'Stockholm', '2021-04-19', '14:00', 'Boeing 737');
INSERT INTO Flights VALUES (DEFAULT, 'Paris', 'Berlin', '2021-04-19', '14:00', 'Boeing 737');
INSERT INTO Flights VALUES (DEFAULT, 'Paris', 'Copenhagen', '2021-04-19', '14:00', 'Boeing 737');
INSERT INTO Flights VALUES (DEFAULT, 'Paris', 'Johannesburg', '2021-04-19', '14:00', 'Boeing 737');
INSERT INTO Flights VALUES (DEFAULT, 'Paris', 'Los Angeles', '2021-04-19', '14:00', 'Boeing 737');
INSERT INTO Flights VALUES (DEFAULT, 'Paris', 'New York City', '2021-04-19', '14:00', 'Boeing 737');
INSERT INTO Flights VALUES (DEFAULT, 'Paris', 'Buenos Aires', '2021-04-19', '14:00', 'Boeing 737');
INSERT INTO Flights VALUES (DEFAULT, 'Paris', 'Tokyo', '2021-04-19', '14:00', 'Boeing 737');
INSERT INTO Flights VALUES (DEFAULT, 'Paris', 'Shanghai', '2021-04-19', '17:30', 'Airbus A320');
INSERT INTO Flights VALUES (DEFAULT, 'Paris', 'Seoul', '2021-04-19', '17:30', 'Airbus A320');
INSERT INTO Flights VALUES (DEFAULT, 'Paris', 'Singapore', '2021-04-19', '17:30', 'Airbus A320');
INSERT INTO Flights VALUES (DEFAULT, 'Paris', 'Phuket', '2021-04-19', '17:30', 'Airbus A320');
INSERT INTO Flights VALUES (DEFAULT, 'Paris', 'Abu Dhabi', '2021-04-19', '17:30', 'Airbus A320');
INSERT INTO Flights VALUES (DEFAULT, 'Paris', 'Brussels', '2021-04-19', '17:30', 'Airbus A320');
INSERT INTO Flights VALUES (DEFAULT, 'Paris', 'Ibiza', '2021-04-19', '17:30', 'Airbus A320');
INSERT INTO Flights VALUES (DEFAULT, 'Paris', 'Athens', '2021-04-19', '17:30', 'Airbus A320');
INSERT INTO Flights VALUES (DEFAULT, 'Paris', 'Rome', '2021-04-19', '17:30', 'Airbus A320');
INSERT INTO Flights VALUES (DEFAULT, 'Paris', 'Moscow', '2021-04-19', '17:30', 'Airbus A320');
INSERT INTO Flights VALUES (DEFAULT, 'Paris', 'Helsinki', '2021-04-19', '17:30', 'Airbus A320');
INSERT INTO Flights VALUES (DEFAULT, 'Paris', 'Gothenburg', '2021-06-15', '08:00', 'Boeing 737');
INSERT INTO Flights VALUES (DEFAULT, 'Paris', 'London', '2021-06-15', '08:00', 'Boeing 737');
INSERT INTO Flights VALUES (DEFAULT, 'Paris', 'Stockholm', '2021-06-15', '08:00', 'Boeing 737');
INSERT INTO Flights VALUES (DEFAULT, 'Paris', 'Berlin', '2021-06-15', '08:00', 'Boeing 737');
INSERT INTO Flights VALUES (DEFAULT, 'Paris', 'Copenhagen', '2021-06-15', '08:00', 'Boeing 737');
INSERT INTO Flights VALUES (DEFAULT, 'Paris', 'Johannesburg', '2021-06-15', '08:00', 'Boeing 737');
INSERT INTO Flights VALUES (DEFAULT, 'Paris', 'Los Angeles', '2021-06-15', '08:00', 'Boeing 737');
INSERT INTO Flights VALUES (DEFAULT, 'Paris', 'New York City', '2021-06-15', '08:00', 'Boeing 737');
INSERT INTO Flights VALUES (DEFAULT, 'Paris', 'Buenos Aires', '2021-06-15', '08:00', 'Boeing 737');
INSERT INTO Flights VALUES (DEFAULT, 'Paris', 'Tokyo', '2021-06-15', '08:00', 'Boeing 737');
INSERT INTO Flights VALUES (DEFAULT, 'Paris', 'Shanghai', '2021-06-15', '13:00', 'Airbus A320');
INSERT INTO Flights VALUES (DEFAULT, 'Paris', 'Seoul', '2021-06-15', '13:00', 'Airbus A320');
INSERT INTO Flights VALUES (DEFAULT, 'Paris', 'Singapore', '2021-06-15', '13:00', 'Airbus A320');
INSERT INTO Flights VALUES (DEFAULT, 'Paris', 'Phuket', '2021-06-15', '13:00', 'Airbus A320');
INSERT INTO Flights VALUES (DEFAULT, 'Paris', 'Abu Dhabi', '2021-06-15', '13:00', 'Airbus A320');
INSERT INTO Flights VALUES (DEFAULT, 'Paris', 'Brussels', '2021-06-15', '13:00', 'Airbus A320');
INSERT INTO Flights VALUES (DEFAULT, 'Paris', 'Ibiza', '2021-06-15', '13:00', 'Airbus A320');
INSERT INTO Flights VALUES (DEFAULT, 'Paris', 'Athens', '2021-06-15', '13:00', 'Airbus A320');
INSERT INTO Flights VALUES (DEFAULT, 'Paris', 'Rome', '2021-06-15', '13:00', 'Airbus A320');
INSERT INTO Flights VALUES (DEFAULT, 'Paris', 'Moscow', '2021-06-15', '13:00', 'Airbus A320');
INSERT INTO Flights VALUES (DEFAULT, 'Paris', 'Helsinki', '2021-06-15', '13:00', 'Airbus A320');
INSERT INTO Flights VALUES (DEFAULT, 'Paris', 'Gothenburg', '2021-09-09', '20:45', 'Boeing 737');
INSERT INTO Flights VALUES (DEFAULT, 'Paris', 'London', '2021-09-09', '20:45', 'Boeing 737');
INSERT INTO Flights VALUES (DEFAULT, 'Paris', 'Stockholm', '2021-09-09', '20:45', 'Boeing 737');
INSERT INTO Flights VALUES (DEFAULT, 'Paris', 'Berlin', '2021-09-09', '20:45', 'Boeing 737');
INSERT INTO Flights VALUES (DEFAULT, 'Paris', 'Copenhagen', '2021-09-09', '20:45', 'Boeing 737');
INSERT INTO Flights VALUES (DEFAULT, 'Paris', 'Johannesburg', '2021-09-09', '20:45', 'Boeing 737');
INSERT INTO Flights VALUES (DEFAULT, 'Paris', 'Los Angeles', '2021-09-09', '20:45', 'Boeing 737');
INSERT INTO Flights VALUES (DEFAULT, 'Paris', 'New York City', '2021-09-09', '20:45', 'Boeing 737');
INSERT INTO Flights VALUES (DEFAULT, 'Paris', 'Buenos Aires', '2021-09-09', '20:45', 'Boeing 737');
INSERT INTO Flights VALUES (DEFAULT, 'Paris', 'Tokyo', '2021-09-09', '20:45', 'Boeing 737');
INSERT INTO Flights VALUES (DEFAULT, 'Paris', 'Shanghai', '2021-09-09', '13:37', 'Airbus A320');
INSERT INTO Flights VALUES (DEFAULT, 'Paris', 'Seoul', '2021-09-09', '13:37', 'Airbus A320');
INSERT INTO Flights VALUES (DEFAULT, 'Paris', 'Singapore', '2021-09-09', '13:37', 'Airbus A320');
INSERT INTO Flights VALUES (DEFAULT, 'Paris', 'Phuket', '2021-09-09', '13:37', 'Airbus A320');
INSERT INTO Flights VALUES (DEFAULT, 'Paris', 'Abu Dhabi', '2021-09-09', '13:37', 'Airbus A320');
INSERT INTO Flights VALUES (DEFAULT, 'Paris', 'Brussels', '2021-09-09', '13:37', 'Airbus A320');
INSERT INTO Flights VALUES (DEFAULT, 'Paris', 'Ibiza', '2021-09-09', '13:37', 'Airbus A320');
INSERT INTO Flights VALUES (DEFAULT, 'Paris', 'Athens', '2021-09-09', '13:37', 'Airbus A320');
INSERT INTO Flights VALUES (DEFAULT, 'Paris', 'Rome', '2021-09-09', '13:37', 'Airbus A320');
INSERT INTO Flights VALUES (DEFAULT, 'Paris', 'Moscow', '2021-09-09', '13:37', 'Airbus A320');
INSERT INTO Flights VALUES (DEFAULT, 'Paris', 'Helsinki', '2021-09-09', '13:37', 'Airbus A320');

INSERT INTO Flights VALUES (DEFAULT, 'Ibiza', 'Gothenburg', '2021-04-19', '14:00', 'Boeing 737');
INSERT INTO Flights VALUES (DEFAULT, 'Ibiza', 'London', '2021-04-19', '14:00', 'Boeing 737');
INSERT INTO Flights VALUES (DEFAULT, 'Ibiza', 'Stockholm', '2021-04-19', '14:00', 'Boeing 737');
INSERT INTO Flights VALUES (DEFAULT, 'Ibiza', 'Berlin', '2021-04-19', '14:00', 'Boeing 737');
INSERT INTO Flights VALUES (DEFAULT, 'Ibiza', 'Copenhagen', '2021-04-19', '14:00', 'Boeing 737');
INSERT INTO Flights VALUES (DEFAULT, 'Ibiza', 'Johannesburg', '2021-04-19', '14:00', 'Boeing 737');
INSERT INTO Flights VALUES (DEFAULT, 'Ibiza', 'Los Angeles', '2021-04-19', '14:00', 'Boeing 737');
INSERT INTO Flights VALUES (DEFAULT, 'Ibiza', 'New York City', '2021-04-19', '14:00', 'Boeing 737');
INSERT INTO Flights VALUES (DEFAULT, 'Ibiza', 'Buenos Aires', '2021-04-19', '14:00', 'Boeing 737');
INSERT INTO Flights VALUES (DEFAULT, 'Ibiza', 'Tokyo', '2021-04-19', '14:00', 'Boeing 737');
INSERT INTO Flights VALUES (DEFAULT, 'Ibiza', 'Shanghai', '2021-04-19', '17:30', 'Airbus A320');
INSERT INTO Flights VALUES (DEFAULT, 'Ibiza', 'Seoul', '2021-04-19', '17:30', 'Airbus A320');
INSERT INTO Flights VALUES (DEFAULT, 'Ibiza', 'Singapore', '2021-04-19', '17:30', 'Airbus A320');
INSERT INTO Flights VALUES (DEFAULT, 'Ibiza', 'Phuket', '2021-04-19', '17:30', 'Airbus A320');
INSERT INTO Flights VALUES (DEFAULT, 'Ibiza', 'Abu Dhabi', '2021-04-19', '17:30', 'Airbus A320');
INSERT INTO Flights VALUES (DEFAULT, 'Ibiza', 'Brussels', '2021-04-19', '17:30', 'Airbus A320');
INSERT INTO Flights VALUES (DEFAULT, 'Ibiza', 'Paris', '2021-04-19', '17:30', 'Airbus A320');
INSERT INTO Flights VALUES (DEFAULT, 'Ibiza', 'Athens', '2021-04-19', '17:30', 'Airbus A320');
INSERT INTO Flights VALUES (DEFAULT, 'Ibiza', 'Rome', '2021-04-19', '17:30', 'Airbus A320');
INSERT INTO Flights VALUES (DEFAULT, 'Ibiza', 'Moscow', '2021-04-19', '17:30', 'Airbus A320');
INSERT INTO Flights VALUES (DEFAULT, 'Ibiza', 'Helsinki', '2021-04-19', '17:30', 'Airbus A320');
INSERT INTO Flights VALUES (DEFAULT, 'Ibiza', 'Gothenburg', '2021-06-15', '08:00', 'Boeing 737');
INSERT INTO Flights VALUES (DEFAULT, 'Ibiza', 'London', '2021-06-15', '08:00', 'Boeing 737');
INSERT INTO Flights VALUES (DEFAULT, 'Ibiza', 'Stockholm', '2021-06-15', '08:00', 'Boeing 737');
INSERT INTO Flights VALUES (DEFAULT, 'Ibiza', 'Berlin', '2021-06-15', '08:00', 'Boeing 737');
INSERT INTO Flights VALUES (DEFAULT, 'Ibiza', 'Copenhagen', '2021-06-15', '08:00', 'Boeing 737');
INSERT INTO Flights VALUES (DEFAULT, 'Ibiza', 'Johannesburg', '2021-06-15', '08:00', 'Boeing 737');
INSERT INTO Flights VALUES (DEFAULT, 'Ibiza', 'Los Angeles', '2021-06-15', '08:00', 'Boeing 737');
INSERT INTO Flights VALUES (DEFAULT, 'Ibiza', 'New York City', '2021-06-15', '08:00', 'Boeing 737');
INSERT INTO Flights VALUES (DEFAULT, 'Ibiza', 'Buenos Aires', '2021-06-15', '08:00', 'Boeing 737');
INSERT INTO Flights VALUES (DEFAULT, 'Ibiza', 'Tokyo', '2021-06-15', '08:00', 'Boeing 737');
INSERT INTO Flights VALUES (DEFAULT, 'Ibiza', 'Shanghai', '2021-06-15', '13:00', 'Airbus A320');
INSERT INTO Flights VALUES (DEFAULT, 'Ibiza', 'Seoul', '2021-06-15', '13:00', 'Airbus A320');
INSERT INTO Flights VALUES (DEFAULT, 'Ibiza', 'Singapore', '2021-06-15', '13:00', 'Airbus A320');
INSERT INTO Flights VALUES (DEFAULT, 'Ibiza', 'Phuket', '2021-06-15', '13:00', 'Airbus A320');
INSERT INTO Flights VALUES (DEFAULT, 'Ibiza', 'Abu Dhabi', '2021-06-15', '13:00', 'Airbus A320');
INSERT INTO Flights VALUES (DEFAULT, 'Ibiza', 'Brussels', '2021-06-15', '13:00', 'Airbus A320');
INSERT INTO Flights VALUES (DEFAULT, 'Ibiza', 'Paris', '2021-06-15', '13:00', 'Airbus A320');
INSERT INTO Flights VALUES (DEFAULT, 'Ibiza', 'Athens', '2021-06-15', '13:00', 'Airbus A320');
INSERT INTO Flights VALUES (DEFAULT, 'Ibiza', 'Rome', '2021-06-15', '13:00', 'Airbus A320');
INSERT INTO Flights VALUES (DEFAULT, 'Ibiza', 'Moscow', '2021-06-15', '13:00', 'Airbus A320');
INSERT INTO Flights VALUES (DEFAULT, 'Ibiza', 'Helsinki', '2021-06-15', '13:00', 'Airbus A320');
INSERT INTO Flights VALUES (DEFAULT, 'Ibiza', 'Gothenburg', '2021-09-09', '20:45', 'Boeing 737');
INSERT INTO Flights VALUES (DEFAULT, 'Ibiza', 'London', '2021-09-09', '20:45', 'Boeing 737');
INSERT INTO Flights VALUES (DEFAULT, 'Ibiza', 'Stockholm', '2021-09-09', '20:45', 'Boeing 737');
INSERT INTO Flights VALUES (DEFAULT, 'Ibiza', 'Berlin', '2021-09-09', '20:45', 'Boeing 737');
INSERT INTO Flights VALUES (DEFAULT, 'Ibiza', 'Copenhagen', '2021-09-09', '20:45', 'Boeing 737');
INSERT INTO Flights VALUES (DEFAULT, 'Ibiza', 'Johannesburg', '2021-09-09', '20:45', 'Boeing 737');
INSERT INTO Flights VALUES (DEFAULT, 'Ibiza', 'Los Angeles', '2021-09-09', '20:45', 'Boeing 737');
INSERT INTO Flights VALUES (DEFAULT, 'Ibiza', 'New York City', '2021-09-09', '20:45', 'Boeing 737');
INSERT INTO Flights VALUES (DEFAULT, 'Ibiza', 'Buenos Aires', '2021-09-09', '20:45', 'Boeing 737');
INSERT INTO Flights VALUES (DEFAULT, 'Ibiza', 'Tokyo', '2021-09-09', '20:45', 'Boeing 737');
INSERT INTO Flights VALUES (DEFAULT, 'Ibiza', 'Shanghai', '2021-09-09', '13:37', 'Airbus A320');
INSERT INTO Flights VALUES (DEFAULT, 'Ibiza', 'Seoul', '2021-09-09', '13:37', 'Airbus A320');
INSERT INTO Flights VALUES (DEFAULT, 'Ibiza', 'Singapore', '2021-09-09', '13:37', 'Airbus A320');
INSERT INTO Flights VALUES (DEFAULT, 'Ibiza', 'Phuket', '2021-09-09', '13:37', 'Airbus A320');
INSERT INTO Flights VALUES (DEFAULT, 'Ibiza', 'Abu Dhabi', '2021-09-09', '13:37', 'Airbus A320');
INSERT INTO Flights VALUES (DEFAULT, 'Ibiza', 'Brussels', '2021-09-09', '13:37', 'Airbus A320');
INSERT INTO Flights VALUES (DEFAULT, 'Ibiza', 'Paris', '2021-09-09', '13:37', 'Airbus A320');
INSERT INTO Flights VALUES (DEFAULT, 'Ibiza', 'Athens', '2021-09-09', '13:37', 'Airbus A320');
INSERT INTO Flights VALUES (DEFAULT, 'Ibiza', 'Rome', '2021-09-09', '13:37', 'Airbus A320');
INSERT INTO Flights VALUES (DEFAULT, 'Ibiza', 'Moscow', '2021-09-09', '13:37', 'Airbus A320');
INSERT INTO Flights VALUES (DEFAULT, 'Ibiza', 'Helsinki', '2021-09-09', '13:37', 'Airbus A320');

INSERT INTO Flights VALUES (DEFAULT, 'Athens', 'Gothenburg', '2021-04-19', '14:00', 'Boeing 737');
INSERT INTO Flights VALUES (DEFAULT, 'Athens', 'London', '2021-04-19', '14:00', 'Boeing 737');
INSERT INTO Flights VALUES (DEFAULT, 'Athens', 'Stockholm', '2021-04-19', '14:00', 'Boeing 737');
INSERT INTO Flights VALUES (DEFAULT, 'Athens', 'Berlin', '2021-04-19', '14:00', 'Boeing 737');
INSERT INTO Flights VALUES (DEFAULT, 'Athens', 'Copenhagen', '2021-04-19', '14:00', 'Boeing 737');
INSERT INTO Flights VALUES (DEFAULT, 'Athens', 'Johannesburg', '2021-04-19', '14:00', 'Boeing 737');
INSERT INTO Flights VALUES (DEFAULT, 'Athens', 'Los Angeles', '2021-04-19', '14:00', 'Boeing 737');
INSERT INTO Flights VALUES (DEFAULT, 'Athens', 'New York City', '2021-04-19', '14:00', 'Boeing 737');
INSERT INTO Flights VALUES (DEFAULT, 'Athens', 'Buenos Aires', '2021-04-19', '14:00', 'Boeing 737');
INSERT INTO Flights VALUES (DEFAULT, 'Athens', 'Tokyo', '2021-04-19', '14:00', 'Boeing 737');
INSERT INTO Flights VALUES (DEFAULT, 'Athens', 'Shanghai', '2021-04-19', '17:30', 'Airbus A320');
INSERT INTO Flights VALUES (DEFAULT, 'Athens', 'Seoul', '2021-04-19', '17:30', 'Airbus A320');
INSERT INTO Flights VALUES (DEFAULT, 'Athens', 'Singapore', '2021-04-19', '17:30', 'Airbus A320');
INSERT INTO Flights VALUES (DEFAULT, 'Athens', 'Phuket', '2021-04-19', '17:30', 'Airbus A320');
INSERT INTO Flights VALUES (DEFAULT, 'Athens', 'Abu Dhabi', '2021-04-19', '17:30', 'Airbus A320');
INSERT INTO Flights VALUES (DEFAULT, 'Athens', 'Brussels', '2021-04-19', '17:30', 'Airbus A320');
INSERT INTO Flights VALUES (DEFAULT, 'Athens', 'Paris', '2021-04-19', '17:30', 'Airbus A320');
INSERT INTO Flights VALUES (DEFAULT, 'Athens', 'Ibiza', '2021-04-19', '17:30', 'Airbus A320');
INSERT INTO Flights VALUES (DEFAULT, 'Athens', 'Rome', '2021-04-19', '17:30', 'Airbus A320');
INSERT INTO Flights VALUES (DEFAULT, 'Athens', 'Moscow', '2021-04-19', '17:30', 'Airbus A320');
INSERT INTO Flights VALUES (DEFAULT, 'Athens', 'Helsinki', '2021-04-19', '17:30', 'Airbus A320');
INSERT INTO Flights VALUES (DEFAULT, 'Athens', 'Gothenburg', '2021-06-15', '08:00', 'Boeing 737');
INSERT INTO Flights VALUES (DEFAULT, 'Athens', 'London', '2021-06-15', '08:00', 'Boeing 737');
INSERT INTO Flights VALUES (DEFAULT, 'Athens', 'Stockholm', '2021-06-15', '08:00', 'Boeing 737');
INSERT INTO Flights VALUES (DEFAULT, 'Athens', 'Berlin', '2021-06-15', '08:00', 'Boeing 737');
INSERT INTO Flights VALUES (DEFAULT, 'Athens', 'Copenhagen', '2021-06-15', '08:00', 'Boeing 737');
INSERT INTO Flights VALUES (DEFAULT, 'Athens', 'Johannesburg', '2021-06-15', '08:00', 'Boeing 737');
INSERT INTO Flights VALUES (DEFAULT, 'Athens', 'Los Angeles', '2021-06-15', '08:00', 'Boeing 737');
INSERT INTO Flights VALUES (DEFAULT, 'Athens', 'New York City', '2021-06-15', '08:00', 'Boeing 737');
INSERT INTO Flights VALUES (DEFAULT, 'Athens', 'Buenos Aires', '2021-06-15', '08:00', 'Boeing 737');
INSERT INTO Flights VALUES (DEFAULT, 'Athens', 'Tokyo', '2021-06-15', '08:00', 'Boeing 737');
INSERT INTO Flights VALUES (DEFAULT, 'Athens', 'Shanghai', '2021-06-15', '13:00', 'Airbus A320');
INSERT INTO Flights VALUES (DEFAULT, 'Athens', 'Seoul', '2021-06-15', '13:00', 'Airbus A320');
INSERT INTO Flights VALUES (DEFAULT, 'Athens', 'Singapore', '2021-06-15', '13:00', 'Airbus A320');
INSERT INTO Flights VALUES (DEFAULT, 'Athens', 'Phuket', '2021-06-15', '13:00', 'Airbus A320');
INSERT INTO Flights VALUES (DEFAULT, 'Athens', 'Abu Dhabi', '2021-06-15', '13:00', 'Airbus A320');
INSERT INTO Flights VALUES (DEFAULT, 'Athens', 'Brussels', '2021-06-15', '13:00', 'Airbus A320');
INSERT INTO Flights VALUES (DEFAULT, 'Athens', 'Paris', '2021-06-15', '13:00', 'Airbus A320');
INSERT INTO Flights VALUES (DEFAULT, 'Athens', 'Ibiza', '2021-06-15', '13:00', 'Airbus A320');
INSERT INTO Flights VALUES (DEFAULT, 'Athens', 'Rome', '2021-06-15', '13:00', 'Airbus A320');
INSERT INTO Flights VALUES (DEFAULT, 'Athens', 'Moscow', '2021-06-15', '13:00', 'Airbus A320');
INSERT INTO Flights VALUES (DEFAULT, 'Athens', 'Helsinki', '2021-06-15', '13:00', 'Airbus A320');
INSERT INTO Flights VALUES (DEFAULT, 'Athens', 'Gothenburg', '2021-09-09', '20:45', 'Boeing 737');
INSERT INTO Flights VALUES (DEFAULT, 'Athens', 'London', '2021-09-09', '20:45', 'Boeing 737');
INSERT INTO Flights VALUES (DEFAULT, 'Athens', 'Stockholm', '2021-09-09', '20:45', 'Boeing 737');
INSERT INTO Flights VALUES (DEFAULT, 'Athens', 'Berlin', '2021-09-09', '20:45', 'Boeing 737');
INSERT INTO Flights VALUES (DEFAULT, 'Athens', 'Copenhagen', '2021-09-09', '20:45', 'Boeing 737');
INSERT INTO Flights VALUES (DEFAULT, 'Athens', 'Johannesburg', '2021-09-09', '20:45', 'Boeing 737');
INSERT INTO Flights VALUES (DEFAULT, 'Athens', 'Los Angeles', '2021-09-09', '20:45', 'Boeing 737');
INSERT INTO Flights VALUES (DEFAULT, 'Athens', 'New York City', '2021-09-09', '20:45', 'Boeing 737');
INSERT INTO Flights VALUES (DEFAULT, 'Athens', 'Buenos Aires', '2021-09-09', '20:45', 'Boeing 737');
INSERT INTO Flights VALUES (DEFAULT, 'Athens', 'Tokyo', '2021-09-09', '20:45', 'Boeing 737');
INSERT INTO Flights VALUES (DEFAULT, 'Athens', 'Shanghai', '2021-09-09', '13:37', 'Airbus A320');
INSERT INTO Flights VALUES (DEFAULT, 'Athens', 'Seoul', '2021-09-09', '13:37', 'Airbus A320');
INSERT INTO Flights VALUES (DEFAULT, 'Athens', 'Singapore', '2021-09-09', '13:37', 'Airbus A320');
INSERT INTO Flights VALUES (DEFAULT, 'Athens', 'Phuket', '2021-09-09', '13:37', 'Airbus A320');
INSERT INTO Flights VALUES (DEFAULT, 'Athens', 'Abu Dhabi', '2021-09-09', '13:37', 'Airbus A320');
INSERT INTO Flights VALUES (DEFAULT, 'Athens', 'Brussels', '2021-09-09', '13:37', 'Airbus A320');
INSERT INTO Flights VALUES (DEFAULT, 'Athens', 'Paris', '2021-09-09', '13:37', 'Airbus A320');
INSERT INTO Flights VALUES (DEFAULT, 'Athens', 'Ibiza', '2021-09-09', '13:37', 'Airbus A320');
INSERT INTO Flights VALUES (DEFAULT, 'Athens', 'Rome', '2021-09-09', '13:37', 'Airbus A320');
INSERT INTO Flights VALUES (DEFAULT, 'Athens', 'Moscow', '2021-09-09', '13:37', 'Airbus A320');
INSERT INTO Flights VALUES (DEFAULT, 'Athens', 'Helsinki', '2021-09-09', '13:37', 'Airbus A320');

INSERT INTO Flights VALUES (DEFAULT, 'Rome', 'Gothenburg', '2021-04-19', '14:00', 'Boeing 737');
INSERT INTO Flights VALUES (DEFAULT, 'Rome', 'London', '2021-04-19', '14:00', 'Boeing 737');
INSERT INTO Flights VALUES (DEFAULT, 'Rome', 'Stockholm', '2021-04-19', '14:00', 'Boeing 737');
INSERT INTO Flights VALUES (DEFAULT, 'Rome', 'Berlin', '2021-04-19', '14:00', 'Boeing 737');
INSERT INTO Flights VALUES (DEFAULT, 'Rome', 'Copenhagen', '2021-04-19', '14:00', 'Boeing 737');
INSERT INTO Flights VALUES (DEFAULT, 'Rome', 'Johannesburg', '2021-04-19', '14:00', 'Boeing 737');
INSERT INTO Flights VALUES (DEFAULT, 'Rome', 'Los Angeles', '2021-04-19', '14:00', 'Boeing 737');
INSERT INTO Flights VALUES (DEFAULT, 'Rome', 'New York City', '2021-04-19', '14:00', 'Boeing 737');
INSERT INTO Flights VALUES (DEFAULT, 'Rome', 'Buenos Aires', '2021-04-19', '14:00', 'Boeing 737');
INSERT INTO Flights VALUES (DEFAULT, 'Rome', 'Tokyo', '2021-04-19', '14:00', 'Boeing 737');
INSERT INTO Flights VALUES (DEFAULT, 'Rome', 'Shanghai', '2021-04-19', '17:30', 'Airbus A320');
INSERT INTO Flights VALUES (DEFAULT, 'Rome', 'Seoul', '2021-04-19', '17:30', 'Airbus A320');
INSERT INTO Flights VALUES (DEFAULT, 'Rome', 'Singapore', '2021-04-19', '17:30', 'Airbus A320');
INSERT INTO Flights VALUES (DEFAULT, 'Rome', 'Phuket', '2021-04-19', '17:30', 'Airbus A320');
INSERT INTO Flights VALUES (DEFAULT, 'Rome', 'Abu Dhabi', '2021-04-19', '17:30', 'Airbus A320');
INSERT INTO Flights VALUES (DEFAULT, 'Rome', 'Brussels', '2021-04-19', '17:30', 'Airbus A320');
INSERT INTO Flights VALUES (DEFAULT, 'Rome', 'Paris', '2021-04-19', '17:30', 'Airbus A320');
INSERT INTO Flights VALUES (DEFAULT, 'Rome', 'Ibiza', '2021-04-19', '17:30', 'Airbus A320');
INSERT INTO Flights VALUES (DEFAULT, 'Rome', 'Athens', '2021-04-19', '17:30', 'Airbus A320');
INSERT INTO Flights VALUES (DEFAULT, 'Rome', 'Moscow', '2021-04-19', '17:30', 'Airbus A320');
INSERT INTO Flights VALUES (DEFAULT, 'Rome', 'Helsinki', '2021-04-19', '17:30', 'Airbus A320');
INSERT INTO Flights VALUES (DEFAULT, 'Rome', 'Gothenburg', '2021-06-15', '08:00', 'Boeing 737');
INSERT INTO Flights VALUES (DEFAULT, 'Rome', 'London', '2021-06-15', '08:00', 'Boeing 737');
INSERT INTO Flights VALUES (DEFAULT, 'Rome', 'Stockholm', '2021-06-15', '08:00', 'Boeing 737');
INSERT INTO Flights VALUES (DEFAULT, 'Rome', 'Berlin', '2021-06-15', '08:00', 'Boeing 737');
INSERT INTO Flights VALUES (DEFAULT, 'Rome', 'Copenhagen', '2021-06-15', '08:00', 'Boeing 737');
INSERT INTO Flights VALUES (DEFAULT, 'Rome', 'Johannesburg', '2021-06-15', '08:00', 'Boeing 737');
INSERT INTO Flights VALUES (DEFAULT, 'Rome', 'Los Angeles', '2021-06-15', '08:00', 'Boeing 737');
INSERT INTO Flights VALUES (DEFAULT, 'Rome', 'New York City', '2021-06-15', '08:00', 'Boeing 737');
INSERT INTO Flights VALUES (DEFAULT, 'Rome', 'Buenos Aires', '2021-06-15', '08:00', 'Boeing 737');
INSERT INTO Flights VALUES (DEFAULT, 'Rome', 'Tokyo', '2021-06-15', '08:00', 'Boeing 737');
INSERT INTO Flights VALUES (DEFAULT, 'Rome', 'Shanghai', '2021-06-15', '13:00', 'Airbus A320');
INSERT INTO Flights VALUES (DEFAULT, 'Rome', 'Seoul', '2021-06-15', '13:00', 'Airbus A320');
INSERT INTO Flights VALUES (DEFAULT, 'Rome', 'Singapore', '2021-06-15', '13:00', 'Airbus A320');
INSERT INTO Flights VALUES (DEFAULT, 'Rome', 'Phuket', '2021-06-15', '13:00', 'Airbus A320');
INSERT INTO Flights VALUES (DEFAULT, 'Rome', 'Abu Dhabi', '2021-06-15', '13:00', 'Airbus A320');
INSERT INTO Flights VALUES (DEFAULT, 'Rome', 'Brussels', '2021-06-15', '13:00', 'Airbus A320');
INSERT INTO Flights VALUES (DEFAULT, 'Rome', 'Paris', '2021-06-15', '13:00', 'Airbus A320');
INSERT INTO Flights VALUES (DEFAULT, 'Rome', 'Ibiza', '2021-06-15', '13:00', 'Airbus A320');
INSERT INTO Flights VALUES (DEFAULT, 'Rome', 'Athens', '2021-06-15', '13:00', 'Airbus A320');
INSERT INTO Flights VALUES (DEFAULT, 'Rome', 'Moscow', '2021-06-15', '13:00', 'Airbus A320');
INSERT INTO Flights VALUES (DEFAULT, 'Rome', 'Helsinki', '2021-06-15', '13:00', 'Airbus A320');
INSERT INTO Flights VALUES (DEFAULT, 'Rome', 'Gothenburg', '2021-09-09', '20:45', 'Boeing 737');
INSERT INTO Flights VALUES (DEFAULT, 'Rome', 'London', '2021-09-09', '20:45', 'Boeing 737');
INSERT INTO Flights VALUES (DEFAULT, 'Rome', 'Stockholm', '2021-09-09', '20:45', 'Boeing 737');
INSERT INTO Flights VALUES (DEFAULT, 'Rome', 'Berlin', '2021-09-09', '20:45', 'Boeing 737');
INSERT INTO Flights VALUES (DEFAULT, 'Rome', 'Copenhagen', '2021-09-09', '20:45', 'Boeing 737');
INSERT INTO Flights VALUES (DEFAULT, 'Rome', 'Johannesburg', '2021-09-09', '20:45', 'Boeing 737');
INSERT INTO Flights VALUES (DEFAULT, 'Rome', 'Los Angeles', '2021-09-09', '20:45', 'Boeing 737');
INSERT INTO Flights VALUES (DEFAULT, 'Rome', 'New York City', '2021-09-09', '20:45', 'Boeing 737');
INSERT INTO Flights VALUES (DEFAULT, 'Rome', 'Buenos Aires', '2021-09-09', '20:45', 'Boeing 737');
INSERT INTO Flights VALUES (DEFAULT, 'Rome', 'Tokyo', '2021-09-09', '20:45', 'Boeing 737');
INSERT INTO Flights VALUES (DEFAULT, 'Rome', 'Shanghai', '2021-09-09', '13:37', 'Airbus A320');
INSERT INTO Flights VALUES (DEFAULT, 'Rome', 'Seoul', '2021-09-09', '13:37', 'Airbus A320');
INSERT INTO Flights VALUES (DEFAULT, 'Rome', 'Singapore', '2021-09-09', '13:37', 'Airbus A320');
INSERT INTO Flights VALUES (DEFAULT, 'Rome', 'Phuket', '2021-09-09', '13:37', 'Airbus A320');
INSERT INTO Flights VALUES (DEFAULT, 'Rome', 'Abu Dhabi', '2021-09-09', '13:37', 'Airbus A320');
INSERT INTO Flights VALUES (DEFAULT, 'Rome', 'Brussels', '2021-09-09', '13:37', 'Airbus A320');
INSERT INTO Flights VALUES (DEFAULT, 'Rome', 'Paris', '2021-09-09', '13:37', 'Airbus A320');
INSERT INTO Flights VALUES (DEFAULT, 'Rome', 'Ibiza', '2021-09-09', '13:37', 'Airbus A320');
INSERT INTO Flights VALUES (DEFAULT, 'Rome', 'Athens', '2021-09-09', '13:37', 'Airbus A320');
INSERT INTO Flights VALUES (DEFAULT, 'Rome', 'Moscow', '2021-09-09', '13:37', 'Airbus A320');
INSERT INTO Flights VALUES (DEFAULT, 'Rome', 'Helsinki', '2021-09-09', '13:37', 'Airbus A320');

INSERT INTO Flights VALUES (DEFAULT, 'Moscow', 'Gothenburg', '2021-04-19', '14:00', 'Boeing 737');
INSERT INTO Flights VALUES (DEFAULT, 'Moscow', 'London', '2021-04-19', '14:00', 'Boeing 737');
INSERT INTO Flights VALUES (DEFAULT, 'Moscow', 'Stockholm', '2021-04-19', '14:00', 'Boeing 737');
INSERT INTO Flights VALUES (DEFAULT, 'Moscow', 'Berlin', '2021-04-19', '14:00', 'Boeing 737');
INSERT INTO Flights VALUES (DEFAULT, 'Moscow', 'Copenhagen', '2021-04-19', '14:00', 'Boeing 737');
INSERT INTO Flights VALUES (DEFAULT, 'Moscow', 'Johannesburg', '2021-04-19', '14:00', 'Boeing 737');
INSERT INTO Flights VALUES (DEFAULT, 'Moscow', 'Los Angeles', '2021-04-19', '14:00', 'Boeing 737');
INSERT INTO Flights VALUES (DEFAULT, 'Moscow', 'New York City', '2021-04-19', '14:00', 'Boeing 737');
INSERT INTO Flights VALUES (DEFAULT, 'Moscow', 'Buenos Aires', '2021-04-19', '14:00', 'Boeing 737');
INSERT INTO Flights VALUES (DEFAULT, 'Moscow', 'Tokyo', '2021-04-19', '14:00', 'Boeing 737');
INSERT INTO Flights VALUES (DEFAULT, 'Moscow', 'Shanghai', '2021-04-19', '17:30', 'Airbus A320');
INSERT INTO Flights VALUES (DEFAULT, 'Moscow', 'Seoul', '2021-04-19', '17:30', 'Airbus A320');
INSERT INTO Flights VALUES (DEFAULT, 'Moscow', 'Singapore', '2021-04-19', '17:30', 'Airbus A320');
INSERT INTO Flights VALUES (DEFAULT, 'Moscow', 'Phuket', '2021-04-19', '17:30', 'Airbus A320');
INSERT INTO Flights VALUES (DEFAULT, 'Moscow', 'Abu Dhabi', '2021-04-19', '17:30', 'Airbus A320');
INSERT INTO Flights VALUES (DEFAULT, 'Moscow', 'Brussels', '2021-04-19', '17:30', 'Airbus A320');
INSERT INTO Flights VALUES (DEFAULT, 'Moscow', 'Paris', '2021-04-19', '17:30', 'Airbus A320');
INSERT INTO Flights VALUES (DEFAULT, 'Moscow', 'Ibiza', '2021-04-19', '17:30', 'Airbus A320');
INSERT INTO Flights VALUES (DEFAULT, 'Moscow', 'Athens', '2021-04-19', '17:30', 'Airbus A320');
INSERT INTO Flights VALUES (DEFAULT, 'Moscow', 'Rome', '2021-04-19', '17:30', 'Airbus A320');
INSERT INTO Flights VALUES (DEFAULT, 'Moscow', 'Helsinki', '2021-04-19', '17:30', 'Airbus A320');
INSERT INTO Flights VALUES (DEFAULT, 'Moscow', 'Gothenburg', '2021-06-15', '08:00', 'Boeing 737');
INSERT INTO Flights VALUES (DEFAULT, 'Moscow', 'London', '2021-06-15', '08:00', 'Boeing 737');
INSERT INTO Flights VALUES (DEFAULT, 'Moscow', 'Stockholm', '2021-06-15', '08:00', 'Boeing 737');
INSERT INTO Flights VALUES (DEFAULT, 'Moscow', 'Berlin', '2021-06-15', '08:00', 'Boeing 737');
INSERT INTO Flights VALUES (DEFAULT, 'Moscow', 'Copenhagen', '2021-06-15', '08:00', 'Boeing 737');
INSERT INTO Flights VALUES (DEFAULT, 'Moscow', 'Johannesburg', '2021-06-15', '08:00', 'Boeing 737');
INSERT INTO Flights VALUES (DEFAULT, 'Moscow', 'Los Angeles', '2021-06-15', '08:00', 'Boeing 737');
INSERT INTO Flights VALUES (DEFAULT, 'Moscow', 'New York City', '2021-06-15', '08:00', 'Boeing 737');
INSERT INTO Flights VALUES (DEFAULT, 'Moscow', 'Buenos Aires', '2021-06-15', '08:00', 'Boeing 737');
INSERT INTO Flights VALUES (DEFAULT, 'Moscow', 'Tokyo', '2021-06-15', '08:00', 'Boeing 737');
INSERT INTO Flights VALUES (DEFAULT, 'Moscow', 'Shanghai', '2021-06-15', '13:00', 'Airbus A320');
INSERT INTO Flights VALUES (DEFAULT, 'Moscow', 'Seoul', '2021-06-15', '13:00', 'Airbus A320');
INSERT INTO Flights VALUES (DEFAULT, 'Moscow', 'Singapore', '2021-06-15', '13:00', 'Airbus A320');
INSERT INTO Flights VALUES (DEFAULT, 'Moscow', 'Phuket', '2021-06-15', '13:00', 'Airbus A320');
INSERT INTO Flights VALUES (DEFAULT, 'Moscow', 'Abu Dhabi', '2021-06-15', '13:00', 'Airbus A320');
INSERT INTO Flights VALUES (DEFAULT, 'Moscow', 'Brussels', '2021-06-15', '13:00', 'Airbus A320');
INSERT INTO Flights VALUES (DEFAULT, 'Moscow', 'Paris', '2021-06-15', '13:00', 'Airbus A320');
INSERT INTO Flights VALUES (DEFAULT, 'Moscow', 'Ibiza', '2021-06-15', '13:00', 'Airbus A320');
INSERT INTO Flights VALUES (DEFAULT, 'Moscow', 'Athens', '2021-06-15', '13:00', 'Airbus A320');
INSERT INTO Flights VALUES (DEFAULT, 'Moscow', 'Rome', '2021-06-15', '13:00', 'Airbus A320');
INSERT INTO Flights VALUES (DEFAULT, 'Moscow', 'Helsinki', '2021-06-15', '13:00', 'Airbus A320');
INSERT INTO Flights VALUES (DEFAULT, 'Moscow', 'Gothenburg', '2021-09-09', '20:45', 'Boeing 737');
INSERT INTO Flights VALUES (DEFAULT, 'Moscow', 'London', '2021-09-09', '20:45', 'Boeing 737');
INSERT INTO Flights VALUES (DEFAULT, 'Moscow', 'Stockholm', '2021-09-09', '20:45', 'Boeing 737');
INSERT INTO Flights VALUES (DEFAULT, 'Moscow', 'Berlin', '2021-09-09', '20:45', 'Boeing 737');
INSERT INTO Flights VALUES (DEFAULT, 'Moscow', 'Copenhagen', '2021-09-09', '20:45', 'Boeing 737');
INSERT INTO Flights VALUES (DEFAULT, 'Moscow', 'Johannesburg', '2021-09-09', '20:45', 'Boeing 737');
INSERT INTO Flights VALUES (DEFAULT, 'Moscow', 'Los Angeles', '2021-09-09', '20:45', 'Boeing 737');
INSERT INTO Flights VALUES (DEFAULT, 'Moscow', 'New York City', '2021-09-09', '20:45', 'Boeing 737');
INSERT INTO Flights VALUES (DEFAULT, 'Moscow', 'Buenos Aires', '2021-09-09', '20:45', 'Boeing 737');
INSERT INTO Flights VALUES (DEFAULT, 'Moscow', 'Tokyo', '2021-09-09', '20:45', 'Boeing 737');
INSERT INTO Flights VALUES (DEFAULT, 'Moscow', 'Shanghai', '2021-09-09', '13:37', 'Airbus A320');
INSERT INTO Flights VALUES (DEFAULT, 'Moscow', 'Seoul', '2021-09-09', '13:37', 'Airbus A320');
INSERT INTO Flights VALUES (DEFAULT, 'Moscow', 'Singapore', '2021-09-09', '13:37', 'Airbus A320');
INSERT INTO Flights VALUES (DEFAULT, 'Moscow', 'Phuket', '2021-09-09', '13:37', 'Airbus A320');
INSERT INTO Flights VALUES (DEFAULT, 'Moscow', 'Abu Dhabi', '2021-09-09', '13:37', 'Airbus A320');
INSERT INTO Flights VALUES (DEFAULT, 'Moscow', 'Brussels', '2021-09-09', '13:37', 'Airbus A320');
INSERT INTO Flights VALUES (DEFAULT, 'Moscow', 'Paris', '2021-09-09', '13:37', 'Airbus A320');
INSERT INTO Flights VALUES (DEFAULT, 'Moscow', 'Ibiza', '2021-09-09', '13:37', 'Airbus A320');
INSERT INTO Flights VALUES (DEFAULT, 'Moscow', 'Athens', '2021-09-09', '13:37', 'Airbus A320');
INSERT INTO Flights VALUES (DEFAULT, 'Moscow', 'Rome', '2021-09-09', '13:37', 'Airbus A320');
INSERT INTO Flights VALUES (DEFAULT, 'Moscow', 'Helsinki', '2021-09-09', '13:37', 'Airbus A320');

INSERT INTO Flights VALUES (DEFAULT, 'Helsinki', 'Gothenburg', '2021-04-19', '14:00', 'Boeing 737');
INSERT INTO Flights VALUES (DEFAULT, 'Helsinki', 'London', '2021-04-19', '14:00', 'Boeing 737');
INSERT INTO Flights VALUES (DEFAULT, 'Helsinki', 'Stockholm', '2021-04-19', '14:00', 'Boeing 737');
INSERT INTO Flights VALUES (DEFAULT, 'Helsinki', 'Berlin', '2021-04-19', '14:00', 'Boeing 737');
INSERT INTO Flights VALUES (DEFAULT, 'Helsinki', 'Copenhagen', '2021-04-19', '14:00', 'Boeing 737');
INSERT INTO Flights VALUES (DEFAULT, 'Helsinki', 'Johannesburg', '2021-04-19', '14:00', 'Boeing 737');
INSERT INTO Flights VALUES (DEFAULT, 'Helsinki', 'Los Angeles', '2021-04-19', '14:00', 'Boeing 737');
INSERT INTO Flights VALUES (DEFAULT, 'Helsinki', 'New York City', '2021-04-19', '14:00', 'Boeing 737');
INSERT INTO Flights VALUES (DEFAULT, 'Helsinki', 'Buenos Aires', '2021-04-19', '14:00', 'Boeing 737');
INSERT INTO Flights VALUES (DEFAULT, 'Helsinki', 'Tokyo', '2021-04-19', '14:00', 'Boeing 737');
INSERT INTO Flights VALUES (DEFAULT, 'Helsinki', 'Shanghai', '2021-04-19', '17:30', 'Airbus A320');
INSERT INTO Flights VALUES (DEFAULT, 'Helsinki', 'Seoul', '2021-04-19', '17:30', 'Airbus A320');
INSERT INTO Flights VALUES (DEFAULT, 'Helsinki', 'Singapore', '2021-04-19', '17:30', 'Airbus A320');
INSERT INTO Flights VALUES (DEFAULT, 'Helsinki', 'Phuket', '2021-04-19', '17:30', 'Airbus A320');
INSERT INTO Flights VALUES (DEFAULT, 'Helsinki', 'Abu Dhabi', '2021-04-19', '17:30', 'Airbus A320');
INSERT INTO Flights VALUES (DEFAULT, 'Helsinki', 'Brussels', '2021-04-19', '17:30', 'Airbus A320');
INSERT INTO Flights VALUES (DEFAULT, 'Helsinki', 'Paris', '2021-04-19', '17:30', 'Airbus A320');
INSERT INTO Flights VALUES (DEFAULT, 'Helsinki', 'Ibiza', '2021-04-19', '17:30', 'Airbus A320');
INSERT INTO Flights VALUES (DEFAULT, 'Helsinki', 'Athens', '2021-04-19', '17:30', 'Airbus A320');
INSERT INTO Flights VALUES (DEFAULT, 'Helsinki', 'Rome', '2021-04-19', '17:30', 'Airbus A320');
INSERT INTO Flights VALUES (DEFAULT, 'Helsinki', 'Moscow', '2021-04-19', '17:30', 'Airbus A320');
INSERT INTO Flights VALUES (DEFAULT, 'Helsinki', 'Gothenburg', '2021-06-15', '08:00', 'Boeing 737');
INSERT INTO Flights VALUES (DEFAULT, 'Helsinki', 'London', '2021-06-15', '08:00', 'Boeing 737');
INSERT INTO Flights VALUES (DEFAULT, 'Helsinki', 'Stockholm', '2021-06-15', '08:00', 'Boeing 737');
INSERT INTO Flights VALUES (DEFAULT, 'Helsinki', 'Berlin', '2021-06-15', '08:00', 'Boeing 737');
INSERT INTO Flights VALUES (DEFAULT, 'Helsinki', 'Copenhagen', '2021-06-15', '08:00', 'Boeing 737');
INSERT INTO Flights VALUES (DEFAULT, 'Helsinki', 'Johannesburg', '2021-06-15', '08:00', 'Boeing 737');
INSERT INTO Flights VALUES (DEFAULT, 'Helsinki', 'Los Angeles', '2021-06-15', '08:00', 'Boeing 737');
INSERT INTO Flights VALUES (DEFAULT, 'Helsinki', 'New York City', '2021-06-15', '08:00', 'Boeing 737');
INSERT INTO Flights VALUES (DEFAULT, 'Helsinki', 'Buenos Aires', '2021-06-15', '08:00', 'Boeing 737');
INSERT INTO Flights VALUES (DEFAULT, 'Helsinki', 'Tokyo', '2021-06-15', '08:00', 'Boeing 737');
INSERT INTO Flights VALUES (DEFAULT, 'Helsinki', 'Shanghai', '2021-06-15', '13:00', 'Airbus A320');
INSERT INTO Flights VALUES (DEFAULT, 'Helsinki', 'Seoul', '2021-06-15', '13:00', 'Airbus A320');
INSERT INTO Flights VALUES (DEFAULT, 'Helsinki', 'Singapore', '2021-06-15', '13:00', 'Airbus A320');
INSERT INTO Flights VALUES (DEFAULT, 'Helsinki', 'Phuket', '2021-06-15', '13:00', 'Airbus A320');
INSERT INTO Flights VALUES (DEFAULT, 'Helsinki', 'Abu Dhabi', '2021-06-15', '13:00', 'Airbus A320');
INSERT INTO Flights VALUES (DEFAULT, 'Helsinki', 'Brussels', '2021-06-15', '13:00', 'Airbus A320');
INSERT INTO Flights VALUES (DEFAULT, 'Helsinki', 'Paris', '2021-06-15', '13:00', 'Airbus A320');
INSERT INTO Flights VALUES (DEFAULT, 'Helsinki', 'Ibiza', '2021-06-15', '13:00', 'Airbus A320');
INSERT INTO Flights VALUES (DEFAULT, 'Helsinki', 'Athens', '2021-06-15', '13:00', 'Airbus A320');
INSERT INTO Flights VALUES (DEFAULT, 'Helsinki', 'Rome', '2021-06-15', '13:00', 'Airbus A320');
INSERT INTO Flights VALUES (DEFAULT, 'Helsinki', 'Moscow', '2021-06-15', '13:00', 'Airbus A320');
INSERT INTO Flights VALUES (DEFAULT, 'Helsinki', 'Gothenburg', '2021-09-09', '20:45', 'Boeing 737');
INSERT INTO Flights VALUES (DEFAULT, 'Helsinki', 'London', '2021-09-09', '20:45', 'Boeing 737');
INSERT INTO Flights VALUES (DEFAULT, 'Helsinki', 'Stockholm', '2021-09-09', '20:45', 'Boeing 737');
INSERT INTO Flights VALUES (DEFAULT, 'Helsinki', 'Berlin', '2021-09-09', '20:45', 'Boeing 737');
INSERT INTO Flights VALUES (DEFAULT, 'Helsinki', 'Copenhagen', '2021-09-09', '20:45', 'Boeing 737');
INSERT INTO Flights VALUES (DEFAULT, 'Helsinki', 'Johannesburg', '2021-09-09', '20:45', 'Boeing 737');
INSERT INTO Flights VALUES (DEFAULT, 'Helsinki', 'Los Angeles', '2021-09-09', '20:45', 'Boeing 737');
INSERT INTO Flights VALUES (DEFAULT, 'Helsinki', 'New York City', '2021-09-09', '20:45', 'Boeing 737');
INSERT INTO Flights VALUES (DEFAULT, 'Helsinki', 'Buenos Aires', '2021-09-09', '20:45', 'Boeing 737');
INSERT INTO Flights VALUES (DEFAULT, 'Helsinki', 'Tokyo', '2021-09-09', '20:45', 'Boeing 737');
INSERT INTO Flights VALUES (DEFAULT, 'Helsinki', 'Shanghai', '2021-09-09', '13:37', 'Airbus A320');
INSERT INTO Flights VALUES (DEFAULT, 'Helsinki', 'Seoul', '2021-09-09', '13:37', 'Airbus A320');
INSERT INTO Flights VALUES (DEFAULT, 'Helsinki', 'Singapore', '2021-09-09', '13:37', 'Airbus A320');
INSERT INTO Flights VALUES (DEFAULT, 'Helsinki', 'Phuket', '2021-09-09', '13:37', 'Airbus A320');
INSERT INTO Flights VALUES (DEFAULT, 'Helsinki', 'Abu Dhabi', '2021-09-09', '13:37', 'Airbus A320');
INSERT INTO Flights VALUES (DEFAULT, 'Helsinki', 'Brussels', '2021-09-09', '13:37', 'Airbus A320');
INSERT INTO Flights VALUES (DEFAULT, 'Helsinki', 'Paris', '2021-09-09', '13:37', 'Airbus A320');
INSERT INTO Flights VALUES (DEFAULT, 'Helsinki', 'Ibiza', '2021-09-09', '13:37', 'Airbus A320');
INSERT INTO Flights VALUES (DEFAULT, 'Helsinki', 'Athens', '2021-09-09', '13:37', 'Airbus A320');
INSERT INTO Flights VALUES (DEFAULT, 'Helsinki', 'Rome', '2021-09-09', '13:37', 'Airbus A320');
INSERT INTO Flights VALUES (DEFAULT, 'Helsinki', 'Moscow', '2021-09-09', '13:37', 'Airbus A320');